Region,Zone,Woreda,Period,BCG Administered,IPV Administered,Measles Administered,Penta Administered,Rota Administered
Addis Ababa,Addis Ketema Sub City,Abebe Bikila Health Center,2015,728,726,4577,2256,1516
Addis Ababa,Addis Ketema Sub City,Abisiniya Health center,2015,343,456,845,1370,926
Addis Ababa,Addis Ketema Sub City,Addis Ketema Health Center,2015,994,1255,2243,3791,2536
Addis Ababa,Addis Ketema Sub City,Ginbot 20 Health center,2015,228,298,729,943,645
Addis Ababa,Addis Ketema Sub City,Kuas Meda Health Center,2015,605,728,1426,2195,1467
Addis Ababa,Addis Ketema Sub City,Addis Rae Health center,2015,321,338,691,1049,711
Addis Ababa,Addis Ketema Sub City,Ethiotebib General Hospital,2015,1915,1261,5123,4184,2723
Addis Ababa,Addis Ketema Sub City,Felege Mels Health center,2017,859,900,1819,2698,1798
Addis Ababa,Addis Ketema Sub City,Kolfe Health Center,2017,3338,2705,5397,8070,5365
Addis Ababa,Addis Ketema Sub City,Lomi Meda Health Center,2017,1789,1979,3869,5905,3923
Addis Ababa,Addis Ketema Sub City,MikililandHealth Center,2017,3128,3944,7807,11544,7525
Addis Ababa,Addis Ketema Sub City,Millinium Health center,2017,303,460,1009,1302,834
Addis Ababa,Addis Ketema Sub City,Woreda 10 Health Center,2017,161,228,333,642,414
Addis Ababa,Addis Ketema Sub City,Woreda 11 Philipos Health Center,2017,1179,1382,2668,4118,2750
Addis Ababa,Addis Ketema Sub City,Woreda 3 Health Center,2017,386,540,1172,1710,1123
Addis Ababa,Akaki Kality Sub City,Akaki Health Center,2017,2839,2656,3652,7952,5289
Addis Ababa,Akaki Kality Sub City,Gelan Health Center,2017,2452,3171,5297,8768,5639
Addis Ababa,Akaki Kality Sub City,Gelan Gura Health center,2017,334,484,696,1412,936
Addis Ababa,Akaki Kality Sub City,Kality Health Center,2017,1172,1723,3400,4996,3260
Addis Ababa,Akaki Kality Sub City,Saris_PHCU,2016,915,1526,2687,4462,2922
Addis Ababa,Akaki Kality Sub City,Selam Frea Health Center,2016,542,828,1491,2367,1539
Addis Ababa,Akaki Kality Sub City,Sertie Health Center,2016,1326,1510,2713,4558,2996
Addis Ababa,Arada Sub City,Abuare Health Center,2016,225,334,808,1084,730
Addis Ababa,Arada Sub City,Arada Health Center_Closed,2016,160,175,386,525,349
Addis Ababa,Arada Sub City,Bashawolid health center,2016,62,159,293,357,225
Addis Ababa,Arada Sub City,Janmeda Health Center,2016,2784,1841,3688,6040,4186
Addis Ababa,Arada Sub City,Kebena Health Center,2016,1114,750,1660,2316,1449
Addis Ababa,Arada Sub City,Semen Health Center,2016,1236,1254,2251,3763,2509
Addis Ababa,Bole Sub City,Bole 17 Health Center,2016,993,1036,2057,3371,2225
Addis Ababa,Bole Sub City,Bole 17/20 Health Center,2016,520,779,1339,2461,1676
Addis Ababa,Bole Sub City,Bulbula Health Center,2016,1805,2404,4459,8079,5441
Addis Ababa,Bole Sub City,Bole Sub City Health Office,2016,9290,5308,9008,16742,11210
Addis Ababa,Bole Sub City,Dil Fere Health Center,2016,1415,1760,2755,5249,3462
Addis Ababa,Bole Sub City,Gerji Health Center,2016,1206,1804,3026,5275,3446
Addis Ababa,Bole Sub City,Yekatit 12 General Hospital Medical College,2016,8864,164,158,545,369
Addis Ababa,Gulele Sub City,Addis Hiwot health Center,2016,433,613,1228,1796,1181
Addis Ababa,Gulele Sub City,Addisu Gebaya Health Center,2016,711,1002,2368,3185,2009
Addis Ababa,Gulele Sub City,Entoto Fana Health Center,2016,810,1226,2484,3668,2428
Addis Ababa,Gulele Sub City,Hidasie Health Henter,2016,741,1049,2072,2845,1869
Addis Ababa,Gulele Sub City,Maychew Health Center,2016,748,827,1549,2486,1625
Addis Ababa,Gulele Sub City,Selam Health Center,2016,652,776,1579,2452,1629
Addis Ababa,Gulele Sub City,Shegole Health Center,2016,604,974,1674,2843,1875
Addis Ababa,Gulele Sub City,Shiromeda Health Center,2016,297,369,908,1137,756
Addis Ababa,Gulele Sub City,Tibeb Bekechene Health Center,2016,554,763,1502,2284,1491
Addis Ababa,Hospital,Tirunesh Beijing Hospital,2016,3429,688,1044,2155,1467
Addis Ababa,Hospital,Ras Desta Damitew General Hospital,2016,2294,137,226,480,329
Addis Ababa,Hospital,Gandhi MCH Speciality Center,2016,4418,94,186,300,206
Addis Ababa,Hospital,Zewditu Memorial General Hospital,2016,5142,169,295,502,356
Addis Ababa,Hospital,ALERT General Hospital,2016,4109,0,0,0,0
Addis Ababa,Hospital,Eka Kotebe General Hospital,2016,81,0,0,0,0
Addis Ababa,Hospital,Dagmawi Minilik Comprehensive Specialized Hospital,2016,1350,107,132,405,297
Addis Ababa,Kirkos Sub City,Betsegah Maternal and Child Health Specialty center,2016,1468,848,1414,2980,2062
Addis Ababa,Kirkos Sub City,Efoyita Health Center,2016,209,380,912,1203,781
Addis Ababa,Kirkos Sub City,Felegehiwot Health Center,2016,100,208,331,610,395
Addis Ababa,Kirkos Sub City,Feresmeda Health Center,2016,285,604,1293,1712,1088
Addis Ababa,Kirkos Sub City,Goteramasalecha Health Center,2016,244,410,991,1159,749
Addis Ababa,Kirkos Sub City,Hiwotamba Health Center,2016,407,588,1261,1773,1172
Addis Ababa,Kirkos Sub City,Kazanchise_PHCU,2016,995,821,1800,2521,1676
Addis Ababa,Kirkos Sub City,Kirkos Health Center,2016,509,567,1130,1772,1172
Addis Ababa,Kirkos Sub City,Maristopes Maternal And Child Health Specialty Center,2016,2984,2133,3514,6740,4541
Addis Ababa,Kirkos Sub City,Mesholekiya Health Center,2016,1424,920,1605,2929,1994
Addis Ababa,Kolfe Subcity,Alembank Health Center,2016,4878,5133,10226,15497,10364
Addis Ababa,Kolfe Subcity,Keranyo Health Center,2016,2072,2816,5280,8547,5730
Addis Ababa,Kolfe Subcity,Woreda 06 Health Center,2016,2283,2395,4952,8014,5328
Addis Ababa,Kolfe Subcity,Woreda 01Health Center,2016,4034,4486,7444,13232,8398
Addis Ababa,Kolfe Subcity,Woreda 09 Health Center,2016,1630,1715,2951,5106,3395
Addis Ababa,Kolfe Subcity,Woreda 03 Health Center,2016,5172,5775,12207,16918,10905
Addis Ababa,Lemi Kura Sub City,Amoraw Memmorial Health Center,2016,2099,3288,6265,9487,6161
Addis Ababa,Lemi Kura Sub City,Arabsa Health Center,2016,1181,2515,4435,7430,5016
Addis Ababa,Lemi Kura Sub City,Goro Health Center,2016,2243,2431,4838,8348,5842
Addis Ababa,Lemi Kura Sub City,Woreda 2 Health Center,2016,1793,1907,4607,7481,4974
Addis Ababa,Lemi Kura Sub City,Woreda 14 Hedase Health Center,2016,2374,2915,5223,8834,5927
Addis Ababa,Lemi Kura Sub City,Meri Health Center,2016,920,1806,3872,5758,3704
Addis Ababa,Lemi Kura Sub City,Raey Health Center,2016,1504,1970,3595,5991,3960
Addis Ababa,Lemi Kura Sub City,Samit_PHCU,2016,1056,2027,3341,6137,4176
Addis Ababa,Lemi Kura Sub City,Abado Health Center,2016,1478,2272,3923,6899,4557
Addis Ababa,Lideta Sub City,Abnet Health center,2016,1067,733,1206,2387,1654
Addis Ababa,Lideta Sub City,W/ro Beletshachew Health Center,2016,402,594,1405,1851,1215
Addis Ababa,Lideta Sub City,General Jagema Kelo memorial health center,2016,1286,1412,2664,4200,2706
Addis Ababa,Lideta Sub City,Hidase Fire Health Center,2016,150,235,541,725,476
Addis Ababa,Nifas Silk Lafto Sub City,Woreda 01 Health Center,2016,2314,3103,5618,9167,6071
Addis Ababa,Nifas Silk Lafto Sub City,weroda 10 Health Center,2016,619,853,1660,2596,1709
Addis Ababa,Nifas Silk Lafto Sub City,Weroda 11 Health Center,2016,2452,3162,6019,9250,6109
Addis Ababa,Nifas Silk Lafto Sub City,Weroda 12 Health Center,2016,2019,3093,5935,9019,5926
Addis Ababa,Nifas Silk Lafto Sub City,Weroda 2 Health Center,2016,6321,6518,10915,19208,12688
Addis Ababa,Nifas Silk Lafto Sub City,wereda 6 Health center,2016,1676,1643,2998,4702,2955
Addis Ababa,Nifas Silk Lafto Sub City,woreda 9 Health Center,2016,1272,1368,2502,4018,2651
Addis Ababa,Nifas Silk Lafto Sub City,Woreda 5 Health Center,2016,735,1099,2181,3251,2153
Addis Ababa,Yeka Sub City,Chefe Health Center,2016,1207,1171,1706,3465,2307
Addis Ababa,Yeka Sub City,Entoto No.1 Health Center,2016,146,239,600,719,471
Addis Ababa,Yeka Sub City,Entoto No.2 Health Center,2016,1581,1813,3208,5396,3583
Addis Ababa,Yeka Sub City,Korea Zemachoch Metasebiya Health Center,2016,149,246,571,697,452
Addis Ababa,Yeka Sub City,Kotebe 02 Health Center,2016,2187,2380,4197,7185,4709
Addis Ababa,Yeka Sub City,Yeka Health Center,2016,852,1142,2131,3281,2149
Addis Ababa,Yeka Sub City,Ferensay Around_PHCU,2016,442,742,1502,2197,1450
Addis Ababa,Yeka Sub City,Wereda 10 Health Center,2016,870,1259,2500,3879,2549
Addis Ababa,Yeka Sub City,Werda12 Health center,2016,1784,2121,3815,6314,4178
Addis Ababa,Yeka Sub City,Wereda 07 Health Center,2016,820,581,961,1701,1128
Afar,Zone-1,Adaar,2016,1132,1576,2560,4492,3013
Afar,Zone-1,Afambo,2016,987,1279,2222,3406,2115
Afar,Zone-1,Aysita,2016,2844,3304,5157,9413,6188
Afar,Zone-1,Chifra,2016,3231,4700,7415,11672,7436
Afar,Zone-1,Dubti,2016,2580,3230,4918,8114,5317
Afar,Zone-1,Elidar,2016,1508,2454,3713,5762,3586
Afar,Zone-1,Kori,2016,1275,2044,3013,4612,2878
Afar,Zone-1,Mille,2016,4066,5608,8606,14084,9072
Afar,Zone-1,Semera,2016,2172,2751,3997,7152,4394
Afar,Zone-2,Aba'ala,2016,1796,2595,2936,7118,4669
Afar,Zone-2,Afdera,2016,1102,1661,2753,3936,2536
Afar,Zone-2,Berahle,2016,2701,4061,6283,10721,7259
Afar,Zone-2,Bidu,2016,806,1456,2407,4748,2698
Afar,Zone-2,Dalol,2016,1488,2447,4337,5880,3870
Afar,Zone-2,Erabti,2016,551,1103,1468,2341,1393
Afar,Zone-2,Kunoba,2016,1665,1492,3799,7539,4983
Afar,Zone-2,Megale,2016,1215,1956,2682,5087,3468
Afar,Zone-3,Amibara,2016,1815,1988,3408,5611,3713
Afar,Zone-3,Argoba Liyu,2016,591,708,1235,2058,1338
Afar,Zone-3,Awash Fenteale,2016,744,964,1443,2523,1621
Afar,Zone-3,Awash Town,2016,1120,1136,2255,3323,2230
Afar,Zone-3,Buremedaytu,2016,513,286,1600,2005,1288
Afar,Zone-3,Dulecha,2016,604,799,1512,2591,1675
Afar,Zone-3,Gewane,2016,745,808,1040,2183,1433
Afar,Zone-4,Awura,2016,880,1445,2251,3750,2434
Afar,Zone-4,Ewa,2016,1729,2130,3641,5639,3476
Afar,Zone-4,Gulina,2016,1923,2272,3479,6224,3932
Afar,Zone-4,Teru,2016,927,1400,2153,4158,2864
Afar,Zone-4,Yallo,2016,1363,2079,3444,5410,3379
Afar,Zone-5,Dalifaghe,2016,1355,1634,2803,4451,2895
Afar,Zone-5,Dewe,2016,22966,1793,2623,4405,2915
Afar,Zone-5,Hadeleala,2016,14618,1568,2609,3890,2440
Afar,Zone-5,Semirobi,2016,11708,1041,1980,3125,2200
Afar,Zone-5,Telalak,2016,13545,1445,2539,3694,2297
Afar,Zone-6,Gereni,2016,592,803,1174,2208,1381
Amhara,Awi,Ankasha Guagusa,2016,2169,2227,3848,6564,2227
Amhara,Awi,Ayehu Guagusa,2016,2802,3483,5406,8756,3483
Amhara,Awi,Banja,2016,2417,2513,4784,7271,2513
Amhara,Awi,Chagni Town,2016,2679,2651,4840,7526,2651
Amhara,Awi,Dangla Town,2016,1958,1906,3344,5669,1906
Amhara,Awi,Dangla Zuria,2016,2398,2494,4552,7541,2494
Amhara,Awi,Fagitalekoma,2016,4174,4226,7966,12645,4226
Amhara,Awi,Guagusa Shikuda,2016,2063,2349,3584,6961,2349
Amhara,Awi,Guangua,2016,3196,3232,6129,9502,3232
Amhara,Awi,Injibara Town,2016,4008,3191,6214,9414,3191
Amhara,Awi,Jawi,2016,4801,6574,9454,16668,6574
Amhara,Awi,Zigem,2016,2921,3419,6433,9311,3419
Amhara,Bahir Dar Town,Bahir Dar Town,2016,24803,21695,36636,63530,21695
Amhara,Central Gondar,Alefa,2016,7105,8077,14367,22345,8077
Amhara,Central Gondar,Cetral Armachiho,2016,2102,2199,3513,5909,2199
Amhara,Central Gondar,Chilga,2016,4950,5680,9881,15331,5680
Amhara,Central Gondar,East Belesa,2016,4731,5488,9407,13685,5488
Amhara,Central Gondar,East Dembia,2016,7430,7340,15349,21682,7340
Amhara,Central Gondar,Gondar Zuriya,2016,6257,6386,11530,19222,6386
Amhara,Central Gondar,Kinfaze Begela,2016,2912,3264,10573,8289,3264
Amhara,Central Gondar,Lay Armacho,2016,3007,3352,6563,9559,3352
Amhara,Central Gondar,Nebaru Chilga,2016,2037,2127,4023,6375,2127
Amhara,Central Gondar,Tach Armacho,2016,4935,4954,14071,14482,4954
Amhara,Central Gondar,Takusa,2016,6183,8481,12529,21556,8481
Amhara,Central Gondar,Tegede,2016,3296,4539,6951,14042,4539
Amhara,Central Gondar,West Belesa,2016,5971,7204,11936,19059,7204
Amhara,Central Gondar,West Dembia,2016,3036,3523,6169,9663,3523
Amhara,Central Gondar,Wogera,2016,8238,8583,15504,24646,8583
Amhara,Debrebirhan Town,Debrebirhan Town,2016,9053,7246,13198,22059,7246
Amhara,Debremarkos Town,Debremarkos Town,2016,7973,5184,8880,15064,5184
Amhara,Debretabor Town,Debretabor Town,2016,6895,4010,7614,11781,4010
Amhara,Dessie Town,Dessie Town Zone,2016,9243,8852,16241,27074,8852
Amhara,East Gojjam,Aneded,2016,2293,2367,4483,7043,2367
Amhara,East Gojjam,Awabel,2016,3620,5227,8469,15379,5227
Amhara,East Gojjam,Basoliben,2016,3129,3338,5110,10323,3338
Amhara,East Gojjam,Bibugne,2016,3522,3260,6227,9854,3260
Amhara,East Gojjam,Debaytilatgin,2016,3086,3697,6605,11259,3697
Amhara,East Gojjam,Debre Elias Worda,2016,2235,2585,3944,7154,2585
Amhara,East Gojjam,Dejen,2016,3583,4087,7762,12353,4087
Amhara,East Gojjam,Enarje Enawga,2016,7660,7896,14522,23748,7896
Amhara,East Gojjam,Enebse Sar Mider,2016,5783,5449,10028,17591,5449
Amhara,East Gojjam,Enemay,2016,6683,6800,12262,20146,6800
Amhara,East Gojjam,Goncha WorHO,2016,7026,7525,13714,21775,7525
Amhara,East Gojjam,Gozamin,2016,3829,3756,6598,11474,3756
Amhara,East Gojjam,Hulet Eju Nese WorHO,2016,4726,5112,8572,15140,5112
Amhara,East Gojjam,Machakel,2016,2111,1957,3122,6175,1957
Amhara,East Gojjam,Motta town,2016,2428,1984,3655,6303,1984
Amhara,East Gojjam,Sedie,2016,2794,3514,5586,9511,3514
Amhara,East Gojjam,Shebel Berenta,2016,4781,4939,9028,14459,4939
Amhara,East Gojjam,Sinan,2016,3647,3624,7156,10883,3624
Amhara,Gondar Town,Gondar Town,2016,15593,13900,24289,42056,13900
Amhara,Kombolcha Town,Kombolcha Town,2016,6138,6259,11634,18133,6259
Amhara,North Gojjam,Bahir Dar Zuria,2016,7512,7284,13770,21858,7284
Amhara,North Gojjam,Gonji Kollela,2016,2405,2535,5831,7834,2535
Amhara,North Gojjam,North Achefer,2016,7030,6820,12336,20962,6820
Amhara,North Gojjam,North Mecha,2016,9947,9421,17935,28367,9421
Amhara,North Gojjam,South Achefer,2016,5184,4582,7373,13943,4582
Amhara,North Gojjam,South Mecha,2016,2402,2493,4592,7706,2493
Amhara,North Gojjam,Yilmana Densa,2016,7195,7327,13564,21928,7327
Amhara,North Gondar,Adi Arkay,2016,4820,5428,10104,16132,5428
Amhara,North Gondar,Beyeda,2016,3166,3619,6707,10249,3619
Amhara,North Gondar,Dabat,2016,6418,6802,11580,19662,6802
Amhara,North Gondar,Debark Town,2016,3001,2839,5144,8815,2839
Amhara,North Gondar,Debark Zuria,2016,4868,5047,8774,14504,5047
Amhara,North Gondar,Janamora,2016,6961,6833,12475,20090,6833
Amhara,North Gondar,Telemt,2016,3153,3879,6372,11095,3879
Amhara,North Shewa,Angolela Tara,2016,1500,1523,2787,4591,1523
Amhara,North Shewa,Ankober,2016,1406,1785,3020,4863,1785
Amhara,North Shewa,Antsokia Gemiza,2016,2727,2690,5256,8047,2690
Amhara,North Shewa,Asagirt,2016,1257,2831,2582,3719,2831
Amhara,North Shewa,Bassona Worana,2016,2247,2353,4192,7182,2353
Amhara,North Shewa,Berehet,2016,821,836,1619,2599,836
Amhara,North Shewa,Efratana Gidim,2016,4562,5067,9044,13923,5067
Amhara,North Shewa,Ensaro,2016,2676,3009,5815,8780,3009
Amhara,North Shewa,Gishe,2016,1818,1794,3264,5350,1794
Amhara,North Shewa,Hagere Mariam,2016,1052,1080,1867,3382,1080
Amhara,North Shewa,Kewot,2016,2903,3141,5653,8778,3141
Amhara,North Shewa,Menz Gera Midir,2016,4894,9278,9214,14843,9278
Amhara,North Shewa,Menz Keya Gebreal,2016,2506,3264,5799,7567,3264
Amhara,North Shewa,Menz Lalo Midir,2016,1587,1505,2935,4543,1505
Amhara,North Shewa,Menz Mama Midir,2016,3532,3363,6551,10453,3363
Amhara,North Shewa,Merhabete,2016,4024,4035,6796,12042,4035
Amhara,North Shewa,Mida Woremo,2016,3048,3133,6051,9156,3133
Amhara,North Shewa,Minjar Shenkora,2016,3293,3198,5744,9850,3198
Amhara,North Shewa,Mojana Wodera,2016,2439,2611,4891,7562,2611
Amhara,North Shewa,Mortena Jiru,2016,4035,4545,7586,12755,4545
Amhara,North Shewa,Saya Deberna Wayu,2016,2121,2128,3711,6404,2128
Amhara,North Shewa,Shoarobit Town,2016,2440,2304,3871,7133,2304
Amhara,North Shewa,Tarmaber,2016,2507,2558,4571,7714,2558
Amhara,North Wollo,Angot,2016,1506,1607,2820,4606,1607
Amhara,North Wollo,Bugina,2016,1736,1868,4244,5720,1868
Amhara,North Wollo,Dawunt,2016,2861,2975,5155,8814,2975
Amhara,North Wollo,Gazo,2016,2808,2918,5385,8600,2918
Amhara,North Wollo,Gidan,2016,4744,5110,8986,14986,5110
Amhara,North Wollo,Guba Lafto,2016,5684,5870,10964,17840,5870
Amhara,North Wollo,Habru,2016,9165,9104,16335,27831,9104
Amhara,North Wollo,Kobo Town,2016,2444,2501,3824,7664,2501
Amhara,North Wollo,Lasta,2016,3848,4335,7360,13018,4335
Amhara,North Wollo,Meket,2016,6949,8453,14451,23539,8453
Amhara,North Wollo,Raya Kobo,2016,8658,10472,15693,28046,10472
Amhara,North Wollo,Wadila,2016,4833,4898,9520,14673,4898
Amhara,Oromia Special,Artuma Fursi,2016,4618,5075,9498,14264,5075
Amhara,Oromia Special,Bati Town,2016,1824,2059,3539,5720,2059
Amhara,Oromia Special,Bati,2016,3678,4074,7348,11503,4074
Amhara,Oromia Special,Dawa Chefa,2016,6576,7109,12074,20307,7109
Amhara,Oromia Special,Dawa Harewa,2016,2334,2490,4353,7112,2490
Amhara,Oromia Special,Jile Timuga,2016,4120,5250,9929,13116,5250
Amhara,Oromia Special,Kemisie Town,2016,2925,3045,5815,8643,3045
Amhara,South Gondar,Andabet,2016,4390,4352,8892,12603,4352
Amhara,South Gondar,Dera,2016,9747,9357,17273,28471,9357
Amhara,South Gondar,Ebinat,2016,6738,6477,11799,18854,6477
Amhara,South Gondar,Estie,2016,8312,8413,14606,25912,8413
Amhara,South Gondar,Farta,2016,5112,5015,9657,15124,5015
Amhara,South Gondar,Fogera,2016,7248,7527,13601,22600,7527
Amhara,South Gondar,Guna Begemidir,2016,3578,3498,6801,10535,3498
Amhara,South Gondar,Lay Gayint,2016,8139,8138,14680,24248,8138
Amhara,South Gondar,Libokemkem,2016,8956,8683,16587,27069,8683
Amhara,South Gondar,Mena Meketewa,2016,1001,1172,2275,3480,1172
Amhara,South Gondar,Sedie Muja,2016,3035,2917,5296,8675,2917
Amhara,South Gondar,Simada,2016,6079,6443,11897,19339,6443
Amhara,South Gondar,Tach Gayint,2016,3370,3178,5967,9698,3178
Amhara,South Wollo,Albuko,2016,3035,4317,5962,9032,4317
Amhara,South Wollo,Ambasel,2016,4704,5276,9483,14569,5276
Amhara,South Wollo,Amhara Saint,2016,5721,6017,11359,17411,6017
Amhara,South Wollo,Argoba,2016,1917,2572,4390,6411,2572
Amhara,South Wollo,Borena,2016,6700,6705,12506,19762,6705
Amhara,South Wollo,Delanta,2016,4064,4317,7455,12276,4317
Amhara,South Wollo,Dessie Zuria,2016,5624,5697,10423,16940,5697
Amhara,South Wollo,Jamma,2016,5091,5380,10080,15828,5380
Amhara,South Wollo,Kallu,2016,8320,8384,16096,24861,8384
Amhara,South Wollo,Kelala,2016,6309,6399,12208,19013,6399
Amhara,South Wollo,Kutaber,2016,3565,3645,6933,10761,3645
Amhara,South Wollo,Legambo,2016,6606,6619,13075,19763,6619
Amhara,South Wollo,Legehida,2016,2564,2530,5161,7534,2530
Amhara,South Wollo,Mehal Saint,2016,2589,3019,5576,8444,3019
Amhara,South Wollo,Mekdela,2016,5616,6862,12029,17447,6862
Amhara,South Wollo,Tehuledre,2016,5256,5435,10438,15958,5435
Amhara,South Wollo,Tenta,2016,5907,6040,11170,18044,6040
Amhara,South Wollo,Wogidi,2016,5360,5062,9811,15084,5062
Amhara,South Wollo,Worebabo,2016,3550,3847,7227,10763,3847
Amhara,South Wollo,Woreilu,2016,4559,4808,9811,13606,4808
Amhara,Waghimera,Abergele,2016,1494,3585,3703,8916,3585
Amhara,Waghimera,Dehana,2016,4912,5772,9608,16011,5772
Amhara,Waghimera,Gazgibla,2016,2384,3803,5808,9919,3803
Amhara,Waghimera,Sehala,2016,1027,1407,2165,4353,1407
Amhara,Waghimera,Sekota Town,2016,2065,2033,2668,5971,2033
Amhara,Waghimera,Sekota Zuria,2016,3891,4824,8522,12957,4824
Amhara,Waghimera,Tsagibji,2016,1700,2083,3027,6762,2083
Amhara,Waghimera,Ziquala,2016,2419,2749,5048,8041,2749
Amhara,West Gojjam,Bure Town,2016,2384,2507,4420,7399,2507
Amhara,West Gojjam,Bure Zuria,2016,2003,2170,3806,6747,2170
Amhara,West Gojjam,Dega Damot,2016,3604,8592,11612,16759,8592
Amhara,West Gojjam,Dembecha,2016,4941,4560,8131,14108,4560
Amhara,West Gojjam,Finote Selam Town,2016,2629,2331,3955,7205,2331
Amhara,West Gojjam,Jabi Tehnan,2016,4413,4495,9039,14526,4495
Amhara,West Gojjam,Quarit,2016,957,1714,2923,5508,1714
Amhara,West Gojjam,Sekela,2016,2453,2932,5024,9009,2932
Amhara,West Gojjam,Wenberma,2016,3247,3380,6508,10564,3380
Amhara,West Gondar,Adagnager Chako,2016,1400,2926,4049,5684,2926
Amhara,West Gondar,Gendawuha,2016,1408,1511,2522,4215,1511
Amhara,West Gondar,Metema,2016,5300,6582,10712,16180,6582
Amhara,West Gondar,Quara,2016,5238,5424,9677,16281,5424
Amhara,West Gondar,West Armachho,2016,1980,2222,3583,6059,2222
Amhara,Woldia Town,Woldia Town,2016,4128,3938,6659,12737,3938
Benishangul-Gumuz,Asossa,Abrahamo Woreda,2016,1090,1375,2475,4020,2645
Benishangul-Gumuz,Asossa,Bambasi,2016,2247,2260,3542,6798,4545
Benishangul-Gumuz,Asossa,Buldigilu Woreda,2016,2461,2381,4495,7219,4781
Benishangul-Gumuz,Asossa,Homesha,2016,796,860,1618,2643,1783
Benishangul-Gumuz,Asossa,Kurmuk,2016,910,915,1497,2852,1930
Benishangul-Gumuz,Asossa,Menge,2016,1931,1808,3335,5446,3648
Benishangul-Gumuz,Asossa,Oura,2016,1290,1247,2841,3701,2453
Benishangul-Gumuz,Asossa,Sherkole,2016,1216,1387,2155,4468,3046
Benishangul-Gumuz,Asossa,Undullu,2016,1002,947,1813,2874,1935
Benishangul-Gumuz,Assosa Town,Assosa Town,2016,4158,4286,5733,10986,7368
Benishangul-Gumuz,Kamashi,Dambe Woreda,2016,267,385,1174,2299,1893
Benishangul-Gumuz,Kamashi,Kamashi Woreda,2016,331,486,469,2012,1399
Benishangul-Gumuz,Kamashi,Mizhiga Woreda,2016,502,306,1008,1730,1386
Benishangul-Gumuz,Kamashi,Sedal Woreda,2016,584,405,546,1731,1306
Benishangul-Gumuz,Kamashi,Zay Woreda,2016,425,288,305,1595,1336
Benishangul-Gumuz,Mao Komo,Mao Komo Special Zone,2016,2714,2534,3460,8431,5792
Benishangul-Gumuz,Metekel,Bulen Woreda,2016,1350,1372,2366,4031,2426
Benishangul-Gumuz,Metekel,Dangur Woreda,2016,1963,1868,3045,5788,3526
Benishangul-Gumuz,Metekel,Dibate Woreda,2016,2023,1858,3572,5726,3606
Benishangul-Gumuz,Metekel,Guba Woreda,2016,552,515,602,1671,1000
Benishangul-Gumuz,Metekel,Wembera Woreda,2016,1141,916,1599,3073,2046
Central Ethiopia,East Gurage,Butajira Town,2016,4257,4228,8348,12728,8467
Central Ethiopia,East Gurage,Meskan,2016,4339,4276,7915,12990,8624
Central Ethiopia,East Gurage,Sodo,2016,4949,4618,8900,13819,9327
Central Ethiopia,East Gurage,South Sodo,2016,1413,1563,2781,4647,3084
Central Ethiopia,Gurage,Abeshge,2016,3015,2959,5451,9004,6038
Central Ethiopia,Gurage,Cheha,2016,4815,4080,7924,12275,8134
Central Ethiopia,Gurage,Endegagn,2016,1729,1797,3542,5401,3587
Central Ethiopia,Gurage,Enor Ener Meger,2016,2273,2232,4691,6716,4418
Central Ethiopia,Gurage,Enor,2016,3334,3625,6770,10947,7265
Central Ethiopia,Gurage,Ezha,2016,3438,3364,6475,10106,6742
Central Ethiopia,Gurage,Gedebano Gutazer Welene,2016,3929,4519,8117,13729,9012
Central Ethiopia,Gurage,Geta,2016,3129,3462,6358,10078,6648
Central Ethiopia,Gurage,Gumer,2016,2759,2778,5124,8375,5526
Central Ethiopia,Gurage,Mihurna Aklil,2016,3872,3854,7691,11589,7725
Central Ethiopia,Gurage,Wolkite Town,2016,3000,3093,5722,9200,6059
Central Ethiopia,Hadiya,Ameka,2016,2994,3081,5684,9585,6434
Central Ethiopia,Hadiya,Duna,2016,5531,5324,9701,16169,10700
Central Ethiopia,Hadiya,East Badawacho,2016,4456,4091,7774,13020,8480
Central Ethiopia,Hadiya,Gibe and Homocho,2016,5810,5523,10328,16763,11211
Central Ethiopia,Hadiya,Gombora Health Office,2016,5043,4309,8399,14512,9467
Central Ethiopia,Hadiya,Hosaena Town,2016,4097,5393,16230,20052,11330
Central Ethiopia,Hadiya,Jajura Town,2016,1121,1259,2031,3919,2598
Central Ethiopia,Hadiya,Lemo Health Office,2016,6231,5981,10804,18346,12151
Central Ethiopia,Hadiya,Mirab Soro,2016,2123,1876,3347,6358,4195
Central Ethiopia,Hadiya,Misha Health Office,2016,3094,3075,5853,9317,6180
Central Ethiopia,Hadiya,Shashego and Bonosha,2016,5001,8773,8725,14893,9718
Central Ethiopia,Hadiya,Shone Town Health Office,2016,2339,1994,3133,6626,4243
Central Ethiopia,Hadiya,Siraro Badewacho,2016,1749,1772,3239,5189,3509
Central Ethiopia,Hadiya,Soro Health Office,2016,5280,4841,8665,14921,9863
Central Ethiopia,Hadiya,West Badewacho,2016,3213,3231,5456,9698,6224
Central Ethiopia,Halaba,Atoti Ulo Health Office,2016,2699,2605,5373,8019,5173
Central Ethiopia,Halaba,Halaba Kulito City Administration,2016,1927,2015,3836,5767,3900
Central Ethiopia,Halaba,Wera Dijo,2016,3243,3131,5953,9673,6408
Central Ethiopia,Halaba,Wera,2016,3095,3058,5811,9150,6149
Central Ethiopia,Kebena Special,Kebena Special,2016,2316,2334,3968,7008,4578
Central Ethiopia,Kembata,Adilo Zuria,2016,1390,1331,2566,4062,2709
Central Ethiopia,Kembata,Damboya Town and,2016,4075,3946,7844,11813,7881
Central Ethiopia,Kembata,Doyogena Town and,2016,3821,4128,6965,11307,7368
Central Ethiopia,Kembata,Durame Town,2016,1832,2308,3498,5382,3550
Central Ethiopia,Kembata,Hadero Town,2016,1312,1159,2021,3780,2469
Central Ethiopia,Kembata,Hadero Tunto Zuriya,2016,3925,3781,7331,11381,7565
Central Ethiopia,Kembata,Kacha Birra,2016,3846,3670,7162,11350,7511
Central Ethiopia,Kembata,Kedida Gamela,2016,2518,2417,4758,7324,4851
Central Ethiopia,Kembata,Shinshicho Town,2016,1674,1506,2070,4905,3164
Central Ethiopia,Mareko Special,Mareko Special,2016,3717,3495,6574,11242,7409
Central Ethiopia,Silte,Alicho Werero,2016,4572,4470,8670,13565,8996
Central Ethiopia,Silte,Dalocha and Dalocha Twon,2016,4652,4819,7848,14538,9785
Central Ethiopia,Silte,East Azernet Berbere,2016,2817,2600,4865,7679,5145
Central Ethiopia,Silte,Hulbareg,2016,3492,3561,6671,10296,6886
Central Ethiopia,Silte,Lanfuro,2016,3223,3122,6154,9375,6277
Central Ethiopia,Silte,Sankura and Alemgebya,2016,4950,4925,8624,14396,9658
Central Ethiopia,Silte,Silti,2016,5601,5360,10854,16293,10938
Central Ethiopia,Silte,West Azernet,2016,3059,2976,5809,8804,5861
Central Ethiopia,Silte,Worabe Town,2016,4540,4978,9605,14489,9407
Central Ethiopia,Tembaro Special,Tembaro Special,2016,6018,5737,11048,17238,11329
Central Ethiopia,Yem,Yem Zone,2016,2674,2780,4798,8423,5582
Dire Dawa,Dire Dawa,Addis Ketema Health Center,2016,355,486,695,997,981
Dire Dawa,Dire Dawa,Biyo Awale Health Center,2016,1233,1247,2322,2560,2539
Dire Dawa,Dire Dawa,Boren Health Center,2016,433,401,459,926,993
Dire Dawa,Dire Dawa,Dechatu Health center,2016,652,610,1012,1334,1351
Dire Dawa,Dire Dawa,Dilchora General Hospital,2016,2377,478,915,1067,1103
Dire Dawa,Dire Dawa,Dire Dawa Health Center,2016,359,417,737,941,970
Dire Dawa,Dire Dawa,Doctor Abel Melkamu,2016,469,680,1087,1384,1414
Dire Dawa,Dire Dawa,Gende gerada Health Center,2016,821,851,1590,1675,1623
Dire Dawa,Dire Dawa,Goro Health Center,2016,2222,2601,3266,4418,5040
Dire Dawa,Dire Dawa,Jeldessa Health Center,2016,504,484,733,1062,1028
Dire Dawa,Dire Dawa,Jello Belina Health Center,2016,941,966,1809,1967,1993
Dire Dawa,Dire Dawa,kalicha Health Center,2016,390,417,595,831,800
Dire Dawa,Dire Dawa,Legaoda Gudunfeta Health Center,2016,280,313,601,614,594
Dire Dawa,Dire Dawa,Legehare Health Center,2016,1236,1403,2140,3114,3217
Dire Dawa,Dire Dawa,Melka Jebdu Health Center,2016,1204,1141,1778,2376,2285
Dire Dawa,Dire Dawa,Melka Kero Health Center,2016,234,219,425,451,442
Dire Dawa,Dire Dawa,Sabiyan General Hospital,2016,1755,1489,2255,3141,3295
Dire Dawa,Dire Dawa,Wahil Health Center,2016,703,678,1249,1467,1460
Gambella,Agniwa,Abobo,2016,709,662,952,1963,1314
Gambella,Agniwa,Dimma,2016,813,935,1632,3011,1970
Gambella,Gambella Town Admin,Gambella Town,2016,3938,3499,3140,9481,6708
Gambella,Agniwa,Gambella Zuria,2016,361,554,770,1496,1022
Gambella,Agniwa,Gog,2016,332,493,820,1266,814
Gambella,Agniwa,Jor,2016,354,402,644,1055,782
Gambella,Itang Special,Itang,2016,1408,1800,4149,5285,3481
Gambella,Majang,Godere Woreda,2016,1112,1596,2228,4224,2830
Gambella,Majang,Mengeshi,2016,765,783,2341,2540,1730
Gambella,Nuer,Akobo,2016,1189,941,1712,2931,2031
Gambella,Nuer,Jikawo,2016,348,448,629,1325,920
Gambella,Nuer,Lare,2016,844,1791,3108,5101,3391
Gambella,Nuer,Makuey,2016,620,914,1265,2555,1801
Gambella,Nuer,Wantawa,2016,1203,1358,1897,3624,2542
Harari,Harari,Abadir Woreda,2016,111,197,366,376,330
Harari,Harari,Aboker Woreda,2016,284,356,699,716,674
Harari,Harari,Amir Nur Woreda,2016,305,365,728,699,678
Harari,Harari,Dire Teyara Woreda,2016,1642,1657,3085,3307,3200
Harari,Harari,Erer Woreda,2016,936,869,1560,1798,1661
Harari,Harari,Hakim Woreda,2016,1905,1792,2830,3681,3733
Harari,Harari,Jinela Woreda,2016,759,858,1583,1768,1748
Harari,Harari,Shenkor Woreda,2016,1191,1139,1761,2334,2485
Harari,Harari,Sofi Woreda,2016,1774,1768,3250,3589,3529
Oromia,Adama City,Adama City,2016,25525,40244,40264,68212,63557
Oromia,Agaro Town,Agaro Town,2016,1997,3419,3413,5605,5216
Oromia,AmboTown,AmboTown,2016,5893,9616,9324,16636,15809
Oromia,Arsi,Gololcha,2016,5570,8837,8503,15614,14392
Oromia,Arsi,Shanan Kolu,2016,3655,5374,6091,9800,8132
Oromia,Arsi,Merti,2016,5092,8243,7811,14288,13398
Oromia,Arsi,Aseko,2016,4319,7166,7719,12370,11370
Oromia,Arsi,Amigna,2016,3968,6714,7270,11085,10289
Oromia,Arsi,Lode Hetosa,2016,4784,8777,9194,14260,13301
Oromia,Arsi,Bale Gesgar,2016,4412,7078,7250,12512,11547
Oromia,Arsi,Diksis,2016,4309,7411,7228,12238,11508
Oromia,Arsi,Chole,2016,4853,8367,8880,13973,13270
Oromia,Arsi,Robe,2016,9332,15178,16160,26226,24691
Oromia,Arsi,Guna,2016,4008,6825,7171,11622,10920
Oromia,Arsi,Jeju,2016,5259,9386,9363,15637,14672
Oromia,Arsi,Ziway Dugda,2016,5133,8445,8651,14373,13524
Oromia,Arsi,Dodota,2016,3959,6710,6015,11288,10713
Oromia,Arsi,Enkelo Wabe,2016,3042,4774,4311,8195,8002
Oromia,Arsi,Sude,2016,7315,12939,13126,21736,20276
Oromia,Arsi,Ticho,2016,3385,5728,6200,9633,8953
Oromia,Arsi,Limu Bilbilo,2016,10916,18658,19053,31830,29950
Oromia,Arsi,Sirka,2016,9282,15556,16033,26828,24963
Oromia,Arsi,Digeluna Tijo,2016,7435,12852,12875,21726,20258
Oromia,Arsi,Tiyo,2016,4739,8270,8320,13575,12877
Oromia,Arsi,Munesa,2016,9609,15358,15570,26990,25006
Oromia,Arsi,Sire,2016,3754,6528,6570,10940,10196
Oromia,Arsi,Seru,2016,2327,3502,3964,6388,5834
Oromia,Arsi,Hitosa,2016,6976,12332,12398,20644,19493
Oromia,Asela Town,Asela Town,2016,4525,6379,5583,11263,10541
Oromia,Bale,Delo Mena,2016,6674,9771,10166,17660,16618
Oromia,Bale,Goro(b),2016,4575,7481,7934,12384,11492
Oromia,Bale,Agarfa,2016,5394,9622,10241,15657,14642
Oromia,Bale,Berbere,2016,4643,7747,7850,13034,11918
Oromia,Bale,Harena Buluk,2016,5772,9341,9976,16044,16463
Oromia,Bale,Guradamole,2016,2488,3100,3074,5599,5113
Oromia,Bale,Gasera,2016,3854,6774,6857,11162,10423
Oromia,Bale,Dinsho,2016,2181,3669,4067,6400,5936
Oromia,Bale,Sinana,2016,5562,9406,9661,15773,14866
Oromia,Batu Town,Batu Town,2016,7386,11334,10752,19482,18055
Oromia,Bishoftu Town,Bishoftu Town,2016,12897,22023,21750,38154,35626
Oromia,Borena,Dire,2016,2011,3365,3635,5648,5291
Oromia,Borena,Gomole,2016,1551,3251,3393,5439,5082
Oromia,Borena,Yabelo Town,2016,1366,3186,2780,5563,5127
Oromia,Borena,Dubuluk,2016,1266,2306,2328,3962,3696
Oromia,Borena,Dilo,2016,934,1859,1971,3158,3006
Oromia,Borena,Yabelo,2016,1661,3235,3372,5340,4885
Oromia,Borena,Miyo,2016,2562,4748,5105,7800,6996
Oromia,Borena,Taltale,2016,2815,5164,5561,8810,8046
Oromia,Borena,Guchi,2016,1026,1545,1668,2619,2410
Oromia,Borena,Elwaye,2016,1981,3525,3810,6076,5654
Oromia,Borena,Moyale,2016,7178,12621,12465,21143,19528
Oromia,Bule Hora Town,Bule Hora Town,2016,3031,4771,4488,8561,7646
Oromia,Buno Bedele,Borecha,2016,3733,5970,6589,9925,9295
Oromia,Buno Bedele,Dabo Hana,2016,2147,3516,3561,5816,5501
Oromia,Buno Bedele,Gechi,2016,3723,6484,6715,10830,10154
Oromia,Buno Bedele,Meko,2016,1109,1936,2049,3504,2943
Oromia,Buno Bedele,Chewaka,2016,2992,5377,5272,9407,8836
Oromia,Buno Bedele,Dedesa,2016,3978,7084,8072,11999,11042
Oromia,Buno Bedele,Bedele,2016,3650,6143,6813,10257,9516
Oromia,Buno Bedele,Chora,2016,5083,8787,9223,14481,13579
Oromia,Buno Bedele,Dega,2016,1870,3139,2963,5371,5021
Oromia,Buno Bedele,Bedele Town,2016,1421,2432,2388,4296,3863
Oromia,Dodola Town,Dodola Town,2016,11682,19297,18964,32882,30235
Oromia,East Bale,Ginnir Town,2016,2208,3641,3489,6104,5805
Oromia,East Bale,Dawe Serer,2016,1828,3338,3583,5858,5386
Oromia,East Bale,Gololcha,2016,5872,9526,9575,16411,15131
Oromia,East Bale,Dawe Kachen,2016,1987,3483,3379,6030,5732
Oromia,East Bale,Laga Hidha,2016,4953,7204,6886,12225,11157
Oromia,East Bale,Sewena,2016,5103,8154,7880,13603,12887
Oromia,East Bale,Rayitu,2016,2747,4235,3622,7616,7352
Oromia,East Bale,Ginnir,2016,6852,11574,11279,19427,18579
Oromia,East Borena,Gumi Eldalo,2016,817,1222,881,2376,2305
Oromia,East Borena,Das,2016,1131,2057,2224,3391,2981
Oromia,East Borena,Negele Borena Town,2016,3518,5568,5204,9960,9398
Oromia,East Borena,Mada Walabu,2016,4520,8095,7959,13673,12873
Oromia,East Borena,Liben,2016,3446,5373,6643,9147,8622
Oromia,East Borena,West Welabu,2016,2504,5479,5705,8840,8386
Oromia,East Borena,Arero,2016,1900,3451,3029,6203,5829
Oromia,East Borena,Wachile,2016,1192,2344,1959,3897,3605
Oromia,East Borena,Goro Dola,2016,3564,8172,9657,13843,13662
Oromia,East Hararge,Haromaya,2016,3295,7081,7135,12056,11383
Oromia,East Hararge,Gursum,2016,6672,11375,12404,18838,17624
Oromia,East Hararge,Jarso,2016,5705,10143,10568,16918,15941
Oromia,East Hararge,Gola Oda,2016,3778,7523,8041,13453,11933
Oromia,East Hararge,Kersa,2016,7224,14667,15130,24516,23250
Oromia,East Hararge,Kurfa Chale,2016,2645,4802,4951,8065,7555
Oromia,East Hararge,Fedis,2016,6468,10799,11947,18869,17584
Oromia,East Hararge,Chinaksen,2016,4713,8371,8444,14000,13217
Oromia,East Hararge,Bedeno,2016,11673,20248,20791,34337,31793
Oromia,East Hararge,Girawa,2016,12006,20910,21994,36068,33196
Oromia,East Hararge,Meta,2016,8559,14817,15316,25148,23565
Oromia,East Hararge,Meye Muluke,2016,2477,5457,5070,9408,8748
Oromia,East Hararge,Babile,2016,3730,6430,6789,10821,10219
Oromia,East Hararge,Melka Bello,2016,8584,16974,17405,28256,26551
Oromia,East Hararge,Midaga Tola,2016,4960,7670,7066,13642,12959
Oromia,East Hararge,Goro Gutu,2016,7350,12920,13101,21594,20317
Oromia,East Hararge,Deder,2016,12832,22681,23982,37188,35367
Oromia,East Hararge,Babile Town,2016,1609,2596,2261,4873,4461
Oromia,East Hararge,Kumbi,2016,1625,2506,13345,5348,4943
Oromia,East Hararge,Goro Muti,2016,3911,6981,7342,11631,10809
Oromia,East Hararge,Kombolcha,2016,7586,13413,13805,22714,21176
Oromia,East Hararge,Mekanisa Oromo,2016,731,1735,1710,2762,2689
Oromia,East Shewa,Adama,2016,2166,3895,4059,6376,6003
Oromia,East Shewa,Lume,2016,3292,5926,5934,9941,9239
Oromia,East Shewa,Dugda,2016,9018,14671,14124,25320,23720
Oromia,East Shewa,Adaa,2016,2408,4192,4485,7032,6573
Oromia,East Shewa,Akaki,2016,768,1414,1466,2297,2197
Oromia,East Shewa,Adami Tulu Jido Kombolcha,2016,6555,11209,11368,18921,17849
Oromia,East Shewa,Fentale,2016,4700,7972,7982,13789,12870
Oromia,East Shewa,Boset,2016,6711,11951,12723,20252,19038
Oromia,East Shewa,Bora,2016,3752,6208,6265,10283,9631
Oromia,East Shewa,Gimbichu,2016,3689,6773,6675,11147,10554
Oromia,East Shewa,Liben,2016,4006,6804,7059,11385,11016
Oromia,East Wellega,Ebantu,2016,1230,2550,2209,3794,3563
Oromia,East Wellega,Nunu Kumba,2016,2698,5085,6133,8288,7815
Oromia,East Wellega,Kiramu,2016,2805,5111,4803,8335,8096
Oromia,East Wellega,Wama Hagalo,2016,2770,4354,4070,7955,6878
Oromia,East Wellega,Sibu Sire,2016,5120,8826,8039,15346,14422
Oromia,East Wellega,Haro Limu,2016,2738,4312,5761,7865,7150
Oromia,East Wellega,Sasiga,2016,3797,6672,6233,11381,10670
Oromia,East Wellega,Jima Arjo,2016,3870,6769,6474,11658,10517
Oromia,East Wellega,Wayu Tuqa,2016,4285,5919,6248,10118,9367
Oromia,East Wellega,Gida Ayana,2016,6382,10256,10043,17718,16443
Oromia,East Wellega,Boneya Boshe,2016,2795,4821,4387,7954,7523
Oromia,East Wellega,Gudeya Bila,2016,2678,4292,4381,7347,6905
Oromia,East Wellega,Gobu Seyo,2016,1483,2643,2762,4152,3957
Oromia,East Wellega,Limu,2016,4404,7298,7380,13710,12134
Oromia,East Wellega,Guto Gida,2016,4230,7532,7306,12594,11757
Oromia,East Wellega,Diga,2016,3665,5943,6115,10288,9426
Oromia,East Wellega,Leka Dulecha,2016,3459,6339,6350,10437,9892
Oromia,Guji,Wadara,2016,1593,1834,1735,4181,3596
Oromia,Guji,Girja,2016,1910,4284,4074,7329,6591
Oromia,Guji,Saba Boru,2016,1493,2482,2707,6281,5029
Oromia,Guji,Aga Wayu,2016,1586,2899,3015,5358,4690
Oromia,Guji,Uraga,2016,5681,10922,9746,18527,17059
Oromia,Guji,Dama,2016,2764,4741,5033,7995,7453
Oromia,Guji,Haro Wolabu,2016,2910,3374,5618,9200,6271
Oromia,Guji,Ana Sora,2016,3240,4667,4322,8721,7506
Oromia,Guji,Adola Town,2016,2456,4510,4246,7964,7322
Oromia,Guji,Arda Jila Me`e Boko,2016,1209,1561,1895,4471,3300
Oromia,Guji,Odo Shakiso,2016,4920,8712,9333,15365,14158
Oromia,Guji,Adola Rede,2016,5942,9253,9625,17912,16164
Oromia,Guji,Bore,2016,6359,10483,12203,18369,16494
Oromia,Holeta Town,Holeta Town,2016,4342,6616,6396,11296,10457
Oromia,Horo Guduru Wollega,Shambu Town,2016,1420,1918,2108,3590,3175
Oromia,Horo Guduru Wollega,Amuru,2016,2488,4605,4218,7833,6357
Oromia,Horo Guduru Wollega,Abay Chomen,2016,2021,3516,3689,6357,5487
Oromia,Horo Guduru Wollega,Chomen Guduru,2016,1694,2699,2666,4597,4264
Oromia,Horo Guduru Wollega,Abe Dengoro,2016,3986,7181,7383,12106,11290
Oromia,Horo Guduru Wollega,Hababo Guduru,2016,2193,3340,3342,6253,5666
Oromia,Horo Guduru Wollega,Jardga Jarte,2016,1949,3823,3626,6106,5267
Oromia,Horo Guduru Wollega,Jimma Rare,2016,3149,5445,5479,8984,8487
Oromia,Horo Guduru Wollega,Horo Bulluk,2016,1592,3209,3103,5604,4601
Oromia,Horo Guduru Wollega,Jimma Geneti,2016,3371,5724,5949,9655,9123
Oromia,Horo Guduru Wollega,Horo,2016,1488,2801,2487,4646,3985
Oromia,Horo Guduru Wollega,Guduru,2016,3781,5963,6000,10013,9045
Oromia,Ilu Aba Bora,Sale Nono,2016,878,1508,1554,2565,2421
Oromia,Ilu Aba Bora,Doreni,2016,861,1603,1681,2699,2474
Oromia,Ilu Aba Bora,Halu,2016,548,881,997,1544,1438
Oromia,Ilu Aba Bora,Ale,2016,1308,2519,2514,4198,4074
Oromia,Ilu Aba Bora,Hurumu,2016,1176,2358,2414,3910,3702
Oromia,Ilu Aba Bora,Didu,2016,1239,2136,2109,3595,3428
Oromia,Ilu Aba Bora,Yayo,2016,2331,3718,4005,6567,6066
Oromia,Ilu Aba Bora,Bilo Nopha,2016,921,1722,1781,2875,2684
Oromia,Ilu Aba Bora,Bure,2016,2113,3894,4086,6333,6019
Oromia,Ilu Aba Bora,Darimu,2016,7474,13709,14378,22662,21135
Oromia,Ilu Aba Bora,Alge Sachi,2016,3881,6894,6957,11443,10844
Oromia,Ilu Aba Bora,Becho,2016,1519,3093,3075,5232,4934
Oromia,Jimma,Dedo,2016,9105,16399,16590,26310,24944
Oromia,Jimma,Nono Benja,2016,3163,5178,4394,8908,8158
Oromia,Jimma,Chora Botor,2016,2975,5385,5632,8787,8257
Oromia,Jimma,Gomma,2016,11134,20000,20690,33396,31526
Oromia,Jimma,Setema,2016,5343,9834,10109,16392,15281
Oromia,Jimma,Gera,2016,5542,10209,11066,17003,15888
Oromia,Jimma,Sokoru,2016,6569,12102,12752,19923,18790
Oromia,Jimma,Omo Nada,2016,8350,16386,17024,28726,25989
Oromia,Jimma,Mana,2016,7519,13280,14119,22537,20832
Oromia,Jimma,Seka Chekorsa,2016,11148,21603,18984,32703,29554
Oromia,Jimma,Sigmo,2016,5153,8737,8918,14784,13558
Oromia,Jimma,Limu Kosa,2016,8882,14181,16222,24429,22301
Oromia,Jimma,Tiro Afeta,2016,7051,12704,11162,21203,19603
Oromia,Jimma,Botor Tolay,2016,3387,6245,5975,10138,9560
Oromia,Jimma,Kersa,2016,9555,16927,17354,28257,26477
Oromia,Jimma,Omo Beyem,2016,5966,9580,10171,16438,15320
Oromia,Jimma,Shabe Sombo,2016,5509,9983,11002,17465,15234
Oromia,Jimma,Gumay,2016,3397,5886,6252,9918,9303
Oromia,Jimma,Limu Seka,2016,6614,11489,11517,19509,18215
Oromia,Jimma Town,Jimma Town,2016,9509,16845,14960,27742,25672
Oromia,Kelem Wellega,Dambi Dollo,2016,2084,3511,2959,6043,5657
Oromia,Kelem Wellega,Gidami,2016,4112,6828,7320,11568,10749
Oromia,Kelem Wellega,Sadi Chanka,2016,1699,2941,3158,5073,4739
Oromia,Kelem Wellega,Gawo Kebe,2016,4149,5626,6706,11983,9636
Oromia,Kelem Wellega,Lalo Kile,2016,2030,3608,3590,5908,5423
Oromia,Kelem Wellega,Yemalogi Welel,2016,2291,3586,3692,6152,5554
Oromia,Kelem Wellega,Hawa Gelan,2016,4582,7503,7663,12989,11258
Oromia,Kelem Wellega,Dale Sadi,2016,3299,5692,5964,9394,8688
Oromia,Kelem Wellega,Seyo,2016,5398,9125,8754,15297,14221
Oromia,Kelem Wellega,Anfilo,2016,2744,5573,6679,9504,8972
Oromia,Kelem Wellega,Dale Wabera,2016,3562,6305,6697,10237,9575
Oromia,Kelem Wellega,Jimma Horo,2016,1879,3402,3092,5699,5265
Oromia,Maya Town,Maya Town,2016,10010,20155,20422,33827,31391
Oromia,Metu Town,Metu Town,2016,4215,6856,6985,12092,11255
Oromia,Nedjo Town,Nedjo Town,2016,1395,2446,2555,4301,3913
Oromia,Nekemte Town,Nekemte Town,2016,5152,9683,9367,16499,15165
Oromia,North Shewa,Kimbibit,2016,3367,6111,6048,9983,9317
Oromia,North Shewa,Abichu Gnea,2016,3860,6462,6621,10890,10208
Oromia,North Shewa,Jida,2016,2545,4192,4210,7411,6799
Oromia,North Shewa,Wuchale,2016,4732,7809,7919,13764,12700
Oromia,North Shewa,Debre Libanos,2016,1763,3135,3071,5129,4643
Oromia,North Shewa,Fitche Town,2016,2513,4356,4070,7326,6678
Oromia,North Shewa,Berek,2016,1739,3097,3351,5158,4862
Oromia,North Shewa,Sululta,2016,5927,10008,11740,16935,15835
Oromia,North Shewa,Yaya Gulele,2016,2364,4129,4252,7033,6563
Oromia,North Shewa,Mulo,2016,1817,3006,3033,5287,4998
Oromia,North Shewa,Kuyu,2016,6050,10149,9375,17641,16433
Oromia,North Shewa,Aleltu,2016,2435,3744,3993,6841,6004
Oromia,North Shewa,Hidabu Abote,2016,3985,6909,7153,11360,10825
Oromia,North Shewa,Girar Jarso,2016,3303,5747,5846,9608,8941
Oromia,North Shewa,Degem,2016,3473,6087,5529,10164,9620
Oromia,North Shewa,Derra,2016,8484,15497,14947,24765,22624
Oromia,North Shewa,Were Jarso,2016,5714,10327,10772,16861,16026
Oromia,Robe Town,Robe Town,2016,8678,15472,15182,26071,24510
Oromia,Sendafa Bake Town,Sendafa Bake Town,2016,2051,3322,3642,6400,5825
Oromia,Shakiso Town,Shakiso Town,2016,2154,3673,3057,6698,6175
Oromia,Shashemene Town1,Shashemene Town1,2016,27057,46135,46187,79438,72256
Oromia,Sheger City,Sabata Sub-City,2016,3855,6859,6169,11784,11111
Oromia,Sheger City,Galan Sub City,2016,2211,4380,4490,7538,7121
Oromia,Sheger City,Sululta Sub-City,2016,2573,5289,5442,9029,8539
Oromia,Sheger City,Koye Feche Sub City,2016,3653,8625,8890,14387,13553
Oromia,Sheger City,Laga Tafo Laga Dadhi Sub City,2016,2310,5752,5445,9431,8850
Oromia,Sheger City,Burayu Sub City,2016,10752,20317,18559,33804,30918
Oromia,Sheger City,Kura Jida Sub City,2016,2231,4105,4205,6851,6479
Oromia,Sheger City,Malka Nono Sub City,2016,2442,5151,5157,9157,8479
Oromia,Sheger City,Mana Abichu Sub City,2016,1455,3202,2742,5283,5099
Oromia,Sheger City,Furi Sub City,2016,5348,10816,10670,17654,16510
Oromia,South West Shewa,Tole,2016,2792,4709,4433,8324,7532
Oromia,South West Shewa,Ilu,2016,2341,3956,4251,6468,6090
Oromia,South West Shewa,Becho,2016,3919,6406,6188,11019,10260
Oromia,South West Shewa,Dawo,2016,3738,6360,6297,10947,10208
Oromia,South West Shewa,Sebeta Hawas,2016,3016,4777,4847,8687,7853
Oromia,South West Shewa,Sodo Dachi,2016,1742,2873,2872,4929,4628
Oromia,South West Shewa,Goro,2016,2300,3932,4196,6576,6173
Oromia,South West Shewa,Saden Sodo,2016,3913,6608,6757,11107,10454
Oromia,South West Shewa,Woliso,2016,9391,14973,14967,24765,22974
Oromia,South West Shewa,Wonchi,2016,4723,8095,8022,13660,12757
Oromia,South West Shewa,Kersa Mamila,2016,4206,7303,6494,12945,11683
Oromia,South West Shewa,Amaya,2016,5102,8891,7892,15042,14193
Oromia,West Arsi,Arsi Negele Town,2016,6787,10544,8608,19636,19258
Oromia,West Arsi,Gedeb Hasasa,2016,10015,18360,18670,30455,27965
Oromia,West Arsi,Kofele,2016,9282,15625,17103,27262,25041
Oromia,West Arsi,Shala,2016,8062,13176,14963,22338,20694
Oromia,West Arsi,Kore,2016,7029,12370,12903,20378,18969
Oromia,West Arsi,Adaba,2016,8407,14781,15498,24849,23307
Oromia,West Arsi,Kokosa,2016,9004,12962,14355,25665,22062
Oromia,West Arsi,Siraro,2016,7988,13502,13317,23122,21506
Oromia,West Arsi,Wondo,2016,3808,6800,11730,11090,10511
Oromia,West Arsi,Nansebo,2016,7037,12183,11856,20331,18949
Oromia,West Arsi,Heben Arsi,2016,3046,5024,5410,8464,7775
Oromia,West Arsi,Arsi Negele Rural,2016,7955,13917,14466,23291,21544
Oromia,West Guji,Suro Barguda,2016,1577,2828,2969,4690,4288
Oromia,West Guji,Gelana,2016,3450,5472,5940,9618,8839
Oromia,West Guji,Kercha,2016,6773,11484,11276,19319,18262
Oromia,West Guji,Hambela Wamena,2016,7524,11791,11801,21259,19574
Oromia,West Guji,Abaya,2016,5403,9220,9494,16199,15068
Oromia,West Guji,Birbirsa Kojowa,2016,2796,4637,4051,8387,7754
Oromia,West Guji,Dugda Dawa,2016,4282,7295,7912,12642,11750
Oromia,West Guji,Kercha Town,2016,1943,2689,2406,5046,4560
Oromia,West Guji,Melka Soda,2016,3088,3904,3793,7501,5912
Oromia,West Guji,Bule Hora,2016,13828,18499,18051,32637,30792
Oromia,West Hararge,Chiro Town,2016,10000,18183,17751,32101,29103
Oromia,West Hararge,Anchar,2016,4046,7111,7583,11779,11067
Oromia,West Hararge,Gumbi Bordode,2016,3587,6768,6249,11029,10370
Oromia,West Hararge,Burka Dhintu,2016,2891,5588,5328,9978,9147
Oromia,West Hararge,Daro Lebu,2016,6858,12589,12096,21277,20001
Oromia,West Hararge,Oda Bultum,2016,7893,14107,15031,23708,22205
Oromia,West Hararge,Mesela,2016,6861,13938,13664,23296,21910
Oromia,West Hararge,Hawi Gudina,2016,3701,6900,6568,12015,11260
Oromia,West Hararge,Guba Qoricha,2016,4946,8993,9549,14954,14032
Oromia,West Hararge,Gemechis,2016,8075,16586,17411,27363,25949
Oromia,West Hararge,Tulo,2016,7646,14410,13829,24221,22815
Oromia,West Hararge,Boke,2016,5692,10176,10063,17318,16171
Oromia,West Hararge,Habro,2016,9305,16803,18488,30067,27566
Oromia,West Hararge,Doba,2016,6215,12156,12744,20529,19361
Oromia,West Hararge,Mieso,2016,5128,9930,10392,16440,15309
Oromia,West Hararge,Bedesa,2016,1519,3120,2915,5778,5406
Oromia,West Shewa,Ilu Galan,2016,2879,4496,4707,8308,7398
Oromia,West Shewa,Walmara,2016,3096,5437,5596,9103,8500
Oromia,West Shewa,Ejersa Lafo,2016,3647,6404,6564,10567,10048
Oromia,West Shewa,Elfata,2016,2554,4519,4516,7461,7048
Oromia,West Shewa,Bako Tibe,2016,7053,12229,12867,20794,19278
Oromia,West Shewa,Dendi,2016,6603,11469,12024,19456,18190
Oromia,West Shewa,Jibat,2016,2695,4338,4478,7473,6968
Oromia,West Shewa,Mida Kegni,2016,4217,6553,6109,11381,10716
Oromia,West Shewa,Nonoo,2016,3786,6561,6635,11524,10943
Oromia,West Shewa,Meta Robi,2016,4028,7236,7208,11925,11316
Oromia,West Shewa,Gindebert,2016,5351,9213,9092,15419,14687
Oromia,West Shewa,Ada Berga,2016,6818,11883,12192,19908,18467
Oromia,West Shewa,Jeldu,2016,7714,13182,12051,22195,20672
Oromia,West Shewa,Dire Enchini,2016,3853,6621,7079,11309,10456
Oromia,West Shewa,Liban Jawi,2016,3067,5423,5651,9116,8485
Oromia,West Shewa,Toke Kutaye,2016,5325,8883,8931,15086,14070
Oromia,West Shewa,Chobi,2016,2163,3449,3229,6002,5615
Oromia,West Shewa,Chelia,2016,4437,7147,7480,12415,11569
Oromia,West Shewa,Dano,2016,5803,9851,9725,17554,16083
Oromia,West Shewa,Abuna Gindeberet,2016,3090,6322,6480,10360,10108
Oromia,West Shewa,Ejere,2016,4752,8161,8509,13559,12778
Oromia,West Shewa,Ambo,2016,4459,7076,7387,12323,11641
Oromia,West Shewa,Meta Welkite,2016,3026,4992,5072,8667,8109
Oromia,West Wollega,Gimbi Town,2016,1421,1920,2152,3695,3286
Oromia,West Wollega,Qondala,2016,4164,4533,5665,11936,8956
Oromia,West Wollega,Gimbi Rural,2016,2939,4600,4829,7840,7323
Oromia,West Wollega,Lalo Asabi,2016,3535,5803,6179,9991,9561
Oromia,West Wollega,Seyo Nole,2016,2004,4071,3891,6967,6453
Oromia,West Wollega,Kiltu Kara,2016,2810,4453,4754,7421,6989
Oromia,West Wollega,Mene Sibu,2016,6099,10048,9836,17887,16755
Oromia,West Wollega,Babo Gembel,2016,2683,4994,5151,8324,7763
Oromia,West Wollega,Begi,2016,6238,11194,12304,20031,18181
Oromia,West Wollega,Yubdo,2016,1426,2291,2687,4087,3634
Oromia,West Wollega,Nole Kaba,2016,1801,2969,6597,5199,4598
Oromia,West Wollega,Boji Choqorsa,2016,1788,3104,3198,5336,4991
Oromia,West Wollega,Ayira,2016,2559,4259,4394,7341,6978
Oromia,West Wollega,Ganji,2016,4482,7511,7237,12502,11789
Oromia,West Wollega,Haru,2016,2526,4242,4419,7250,6412
Oromia,West Wollega,Boji Dirmeji,2016,1447,2342,2476,4231,3816
Oromia,West Wollega,Guliso,2016,2663,5142,5294,8680,8099
Oromia,West Wollega,Leta Sibu,2016,1636,2612,2959,4729,4071
Oromia,West Wollega,Jarso,2016,2118,3338,3206,5546,5082
Oromia,West Wollega,Homa,2016,1344,2420,2605,4072,3804
Oromia,West Wollega,Nedjo Rural,2016,3465,6084,6444,10003,9429
Oromia,Woliso Town,Woliso Town,2016,1878,4094,3733,6728,6279
Sidama,southern,Aleta Chuko Town,2016,1832,1782,3330,5411,3563
Sidama,southern,Aleta Chuko,2016,5696,5802,11655,17661,11519
Sidama,southern,Aleta Wondo Town,2016,1902,1721,2975,5361,3599
Sidama,southern,Aleta Wondo,2016,7125,6846,13084,21063,13622
Sidama,Centeral,Arbegona,2016,5592,5359,9896,16362,10729
Sidama,Easter,Aroressa,2016,4023,3580,6753,10983,7250
Sidama,Easter,Bensa,2016,5324,5175,9850,15714,10323
Sidama,Northern,Bilate Zuria,2016,5037,4743,9133,14490,9698
Sidama,Easter,Bona Zuria,2016,5653,5429,10526,16598,11085
Sidama,Northern,Borricha,2016,4434,4223,8513,13245,8739
Sidama,Easter,Bura,2016,1770,1546,2902,4824,3215
Sidama,southern,Bursa,2016,3350,3357,6413,10223,6774
Sidama,Easter,Chabe Gambeltu,2016,3163,2794,5021,8654,5712
Sidama,Easter,Chire,2016,4208,4055,7126,12500,8268
Sidama,southern,Chirone,2016,1774,1699,3215,5171,3465
Sidama,Easter,Daela,2016,1715,1746,3195,5301,3486
Sidama,Centeral,Dale,2016,8782,8309,16052,25388,16926
Sidama,southern,Dara Otilcho,2016,3903,3832,7638,11513,7665
Sidama,southern,Dara,2016,4035,3985,7738,12306,8017
Sidama,Centeral,Darara,2016,3990,3799,7232,11691,7762
Sidama,Easter,Daya Town,2016,3483,3340,6513,10169,6586
Sidama,Northern,Gorche,2016,4704,4523,8538,13796,8959
Sidama,Hawassa city administration,Hawassa Town,2016,16096,12448,24438,37127,24520
Sidama,Northern,Hawassa Zuriya,2016,6630,6163,9951,19097,12588
Sidama,Northern,Hawella,2016,3530,3496,6598,10503,7024
Sidama,Easter,Hoko,2016,3424,3285,6433,10365,6709
Sidama,southern,Hulla,2016,3831,3651,6844,11073,7344
Sidama,Northern,Leku Town,2016,0,0,0,0,0
Sidama,Centeral,Loka Abaya,2016,3514,3393,6334,10640,6962
Sidama,Northern,Melga,2016,5490,5390,10100,16680,10928
Sidama,Centeral,Shafamo,2016,2484,2291,4306,6912,4584
Sidama,Northern,Shebedino,2016,6894,6634,12927,19956,13294
Sidama,southern,Teticha,2016,2735,2591,4891,7905,5264
Sidama,Hawassa city administration,Tula,2016,7784,6883,11879,20718,13656
Sidama,Centeral,Wensho,2016,4473,4192,8205,12944,8624
Sidama,Northern,Wondogenet Town,2016,2203,2178,4196,6612,4439
Sidama,Northern,Wondogenet,2016,5136,4911,9224,14972,10027
Sidama,Centeral,Yirgalem Town,2016,2941,2825,4845,8855,5906
South Ethiopia,Ale,Ale,2016,3478,3611,8073,12237,7930
South Ethiopia,Ari,Baka Dawula,2016,1648,1474,2732,4383,2929
South Ethiopia,Ari,Jinka Town,2016,2115,2028,3649,6032,3811
South Ethiopia,Ari,North Ari,2016,2419,2618,5433,9068,5591
South Ethiopia,Ari,South Ari,2016,6335,5887,10910,17882,11869
South Ethiopia,Basketo,Basketo,2016,2405,2289,3686,7910,4867
South Ethiopia,Burji,BurjI,2016,2901,2733,4107,8670,5787
South Ethiopia,Gamo,Arbaminch Town,2016,3544,3478,6649,10397,6849
South Ethiopia,Gamo,Arbaminch Zuria,2016,4264,4049,7394,12389,8056
South Ethiopia,Gamo,Bonke,2016,2310,2247,4409,6776,4479
South Ethiopia,Gamo,Boreda,2016,2972,2977,5383,8943,5935
South Ethiopia,Gamo,Chencha,2016,4515,4410,7955,13542,8954
South Ethiopia,Gamo,Deramalo,2016,4172,3814,7479,11907,7557
South Ethiopia,Gamo,Dita,2016,4066,4023,7707,12191,8089
South Ethiopia,Gamo,Gacho Baba,2016,3390,3081,6433,9791,6545
South Ethiopia,Gamo,Garda Marta,2016,1987,1811,3616,5777,3763
South Ethiopia,Gamo,Gerese Town,2016,1189,1095,2171,3434,2286
South Ethiopia,Gamo,Kemba Town,2016,898,759,1392,2399,1442
South Ethiopia,Gamo,Kemba Zuria,2016,3981,3963,7633,12284,8138
South Ethiopia,Gamo,Kogota,2016,1426,1430,2703,4316,2858
South Ethiopia,Gamo,Kucha,2016,6907,6245,11897,19341,12364
South Ethiopia,Gamo,Merab Abaya,2016,2354,2335,4255,6975,4546
South Ethiopia,Gamo,Selam Ber Town,2016,1005,923,1787,2811,1846
South Ethiopia,Gardula,Derashe,2016,3708,3501,5863,11034,7211
South Ethiopia,Gardula,Gidole Town,2016,844,949,1726,2711,1679
South Ethiopia,Gedeo,Bule,2016,2962,2700,4671,8513,5354
South Ethiopia,Gedeo,Dilla Town,2016,2524,2728,5193,8345,5375
South Ethiopia,Gedeo,Dilla Zuria,2016,4071,3923,6505,12470,7966
South Ethiopia,Gedeo,Gedeb,2016,1188,1182,2285,3555,2325
South Ethiopia,Gedeo,Kochire,2016,3417,3400,6084,10493,6711
South Ethiopia,Gedeo,Wenago,2016,5572,5601,9633,16947,10466
South Ethiopia,Gedeo,Yirgachefe,2016,7225,7042,12698,21306,13928
South Ethiopia,Gedeo,Yirgachefe Town,2016,2119,1957,4183,6494,3956
South Ethiopia,Gofa,Beto Town,2016,502,488,966,1476,971
South Ethiopia,Gofa,Buliki Town,2016,439,425,804,1275,847
South Ethiopia,Gofa,Demba Gofa,2016,3199,3018,5809,9320,6172
South Ethiopia,Gofa,Geze Gofa,2016,2996,2722,5365,8058,5448
South Ethiopia,Gofa,Melekoza,2016,4499,4194,8247,12858,8524
South Ethiopia,Gofa,Melo Gada,2016,1723,772,1942,4350,2543
South Ethiopia,Gofa,Oyda,2016,1767,1574,2843,4886,3080
South Ethiopia,Gofa,Sawla Town,2016,1624,1848,3568,5502,3655
South Ethiopia,Gofa,Uba Debre Tsehay,2016,3545,2427,4772,8247,5281
South Ethiopia,Gofa,Zala,2016,4093,3662,6597,10950,7235
South Ethiopia,Konso,Konso,2016,9991,10950,18947,33235,21425
South Ethiopia,Koore,Gorka,2016,4510,3939,6160,13457,8587
South Ethiopia,South Omo,Bena Tsemay,2016,2947,2748,5211,10193,5722
South Ethiopia,South Omo,Dasenech,2016,2916,2628,4944,7742,5080
South Ethiopia,South Omo,Hamer,2016,2627,2557,4888,7908,5282
South Ethiopia,South Omo,Male,2016,5174,4812,8945,15810,9891
South Ethiopia,South Omo,Nyangatom,2016,1051,970,1703,2886,1910
South Ethiopia,South Omo,Salamago,2016,1247,1241,2223,4346,2823
South Ethiopia,Wolaita,Abala Abaya,2016,1870,1646,3164,5042,3315
South Ethiopia,Wolaita,Areka Town,2016,3396,3285,6331,9683,6505
South Ethiopia,Wolaita,Bayra Koysha,2016,1950,1878,3669,5606,3757
South Ethiopia,Wolaita,Boloso Bonibe,2016,4136,3876,7738,11628,7752
South Ethiopia,Wolaita,Boloso Sore,2016,5605,5465,10707,16617,11037
South Ethiopia,Wolaita,Damot Gale,2016,3939,3627,7221,10889,7253
South Ethiopia,Wolaita,Damot Pulasa,2016,5124,4900,9516,14769,9715
South Ethiopia,Wolaita,Damot Sore,2016,2430,2378,4594,7164,4766
South Ethiopia,Wolaita,Damot Woyide,2016,3578,3257,6480,10467,6806
South Ethiopia,Wolaita,Deguna Fanigo,2016,4916,4226,8224,12926,8544
South Ethiopia,Wolaita,Gesuba Town,2016,988,961,1838,2882,1919
Southwest Ethiopia,Bench Sheko,Gura Ferda,2016,1995,1880,3867,4047,3917
Southwest Ethiopia,Bench Sheko,Mizan Aman Town,2016,2647,2931,5045,5903,5704
Southwest Ethiopia,Bench Sheko,North Bench,2016,3793,4255,7751,8939,8720
Southwest Ethiopia,Bench Sheko,Sheko,2016,1831,2026,3761,4363,4310
Southwest Ethiopia,Bench Sheko,Shey Bench,2016,5105,4919,10172,10254,10106
Southwest Ethiopia,Bench Sheko,Siz Town,2016,839,786,1392,1678,1636
Southwest Ethiopia,Bench Sheko,South Bench,2016,3651,4252,8783,9030,8726
Southwest Ethiopia,Dawro,Disa,2016,1825,2117,3773,4089,3951
Southwest Ethiopia,Dawro,Gena Bosa,2016,1506,1556,3035,3194,3132
Southwest Ethiopia,Dawro,Isara,2016,2553,2610,4533,5426,5192
Southwest Ethiopia,Dawro,Kechi,2016,878,957,1854,1919,1916
Southwest Ethiopia,Dawro,Loma Bosa,2016,3757,3698,7006,7696,7513
Southwest Ethiopia,Dawro,Mareka,2016,2186,2161,4246,4456,4437
Southwest Ethiopia,Dawro,Mari mansa,2016,2428,2514,4742,5183,5096
Southwest Ethiopia,Dawro,Tarcha zuriya,2016,2145,2270,4241,4597,4582
Southwest Ethiopia,Dawro,Tercha Town,2016,854,1101,2229,2412,2177
Southwest Ethiopia,Dawro,Tocha,2016,1752,2188,4483,4768,4436
Southwest Ethiopia,Dawro,Zaba Gazo,2016,1752,1737,3445,3561,3497
Southwest Ethiopia,Kaffa,Adiyo,2016,5300,5347,10112,11035,10171
Southwest Ethiopia,Kaffa,Bita,2016,3945,3631,7615,7760,7406
Southwest Ethiopia,Kaffa,Bonga Town,2016,1645,1597,2894,3446,3312
Southwest Ethiopia,Kaffa,Chena,2016,3439,3385,5618,7340,6932
Southwest Ethiopia,Kaffa,Cheta,2016,1819,1503,2842,3490,3382
Southwest Ethiopia,Kaffa,Decha,2016,4561,3600,7100,8586,8194
Southwest Ethiopia,Kaffa,Gesha,2016,4114,3949,7899,8972,8497
Southwest Ethiopia,Kaffa,Gewata,2016,3109,3192,5830,6848,6562
Southwest Ethiopia,Kaffa,Gimbo,2016,3570,3593,6545,7720,7351
Southwest Ethiopia,Kaffa,Goba,2016,1832,1596,3085,3785,3490
Southwest Ethiopia,Kaffa,Saylem,2016,1987,1971,3854,4090,3989
Southwest Ethiopia,Kaffa,Shishoinde,2016,3050,3149,6203,6529,6303
Southwest Ethiopia,Kaffa,Tello,2016,3299,3215,5895,6777,6652
Southwest Ethiopia,Konta,Konta,2016,3996,4055,10493,9041,8401
Southwest Ethiopia,Sheka,Anderacha,2016,691,858,1646,1833,1753
Southwest Ethiopia,Sheka,Masha,2016,1303,1436,2189,2987,2900
Southwest Ethiopia,Sheka,Teppi Town,2016,2064,1362,2196,2762,2591
Southwest Ethiopia,Sheka,Yeki,2016,2712,3839,8416,8154,7960
Southwest Ethiopia,West Omo,Bero,2016,468,545,890,1242,1213
Southwest Ethiopia,West Omo,Gachit,2016,1986,1602,2664,3972,3943
Southwest Ethiopia,West Omo,Maji,2016,1482,1443,2555,3296,3188
Southwest Ethiopia,West Omo,Menit Goldia,2016,2741,2302,5564,5245,4884
Southwest Ethiopia,West Omo,Menit Shasha,2016,3007,2315,6681,5345,5111
Southwest Ethiopia,West Omo,Suri,2016,296,532,4411,1624,1443
Somali,Afdere,Barrey,2016,3007,6241,6241,7207,10203
Somali,Afdere,Chereti,2016,4789,7511,7511,11648,14407
Somali,Afdere,Dolo Bay,2016,2395,4947,4947,5637,7303
Somali,Afdere,Elkeri,2016,4154,5033,5033,9141,13677
Somali,Afdere,Godgod,2016,744,1039,1039,1816,2542
Somali,Afdere,Hargele,2016,3382,4465,4465,5881,8354
Somali,Afdere,Kohle,2016,1102,2391,2391,3615,5117
Somali,Afdere,Raso,2016,1347,2152,2152,2939,4275
Somali,Afdere,West Emay,2016,2622,4723,4723,5238,7486
Somali,Dawa,Hudet,2016,1978,4094,4094,5317,7157
Somali,Dawa,Moyale,2016,5310,6057,6057,8397,12292
Somali,Dawa,Mubarek,2016,9475,13120,13120,15385,21356
Somali,Dawa,Qedaduma,2016,2499,4556,4556,6142,9161
Somali,Dollo,Danot,2016,3115,4611,4611,7623,9981
Somali,Dollo,Daratole,2016,1505,3915,3915,4530,6526
Somali,Dollo,Galadi,2016,1198,1940,1940,2496,3481
Somali,Dollo,Galhamur,2016,3053,6514,6514,7874,10751
Somali,Dollo,Lahel Yucub,2016,1149,2291,2291,3236,4268
Somali,Dollo,Warder,2016,821,1370,1370,2182,2941
Somali,Erer,Fik,2016,1630,3878,3878,6552,8824
Somali,Erer,Hamero,2016,1380,3207,3207,3514,5055
Somali,Erer,Lagahida,2016,1228,2296,2296,2668,3772
Somali,Erer,Mayumuluke,2016,375,442,442,1071,1272
Somali,Erer,Qubi,2016,1272,4003,4003,4361,6089
Somali,Erer,Salahad,2016,1353,2731,2731,3253,4266
Somali,Erer,Yahob,2016,783,1013,1013,1656,1831
Somali,Fafan,Awbara,2016,840,1719,1719,1935,2809
Somali,Fafan,Babile,2016,11212,20914,20914,21325,31043
Somali,Fafan,Goljano,2016,6337,7802,7802,9711,13943
Somali,Fafan,Gursum,2016,1578,2990,2990,3855,5176
Somali,Fafan,Harewo,2016,2961,6014,6014,7172,9659
Somali,Fafan,Haroreys,2016,4293,7704,7704,8166,12204
Somali,Fafan,Harshin,2016,1318,3043,3043,4927,5183
Somali,Fafan,Jijiga City,2016,3919,6573,6573,7478,11095
Somali,Fafan,Kabribayah,2016,5649,12901,12901,14553,20567
Somali,Fafan,Mullu,2016,0,0,0,0,0
Somali,Fafan,Qoraan,2016,1326,2178,2178,2961,4151
Somali,Fafan,Shebele,2016,2983,7441,7441,10014,13077
Somali,Fafan,Tuliguled,2016,3695,6170,6170,8509,11265
Somali,Jarar,Ararso,2016,1307,2059,2059,2770,3504
Somali,Jarar,Aware,2016,1598,3890,3890,6207,8287
Somali,Jarar,Bilebur,2016,421,690,690,1203,1531
Somali,Jarar,Birkod,2016,557,1031,1031,1627,2331
Somali,Jarar,Daror,2016,486,2469,2469,2580,3609
Somali,Jarar,Degahbur,2016,1351,3177,3177,3971,5039
Somali,Jarar,Degahbur City,2016,893,2243,2243,3632,4386
Somali,Jarar,Degahmado,2016,717,1893,1893,2528,2841
Somali,Jarar,Dig,2016,1896,3485,3485,4901,6267
Somali,Jarar,Gashamo,2016,882,1515,1515,2442,3285
Somali,Jarar,Gunagedo,2016,1113,2659,2659,5882,7285
Somali,Jarar,Yoale,2016,4056,6423,6423,8255,12340
Somali,Korahe,Bodaley,2016,1539,2502,2502,3618,5099
Somali,Korahe,Dobawayn,2016,1489,2117,2117,2438,3440
Somali,Korahe,Ellogaden,2016,2814,5533,5533,6257,8973
Somali,Korahe,Gogle,2016,783,1607,1607,1699,2408
Somali,Korahe,Hikloley,2016,637,1611,1611,1702,2533
Somali,Korahe,Kabridehar City,2016,887,1380,1380,1573,2068
Somali,Korahe,Kebridehare,2016,3732,6902,6902,7368,10776
Somali,Korahe,Kudunbur,2016,0,0,0,0,0
Somali,Korahe,Lasdenkeri,2016,478,1018,1018,1164,1585
Somali,Korahe,Marsin,2016,2535,3868,3868,4162,5611
Somali,Korahe,Shegosh,2016,1821,2627,2627,2994,4241
Somali,Korahe,Shilabo,2016,1238,1805,1805,3262,3231
Somali,Liben,Bokolmayo,2016,1460,2609,2609,3862,5126
Somali,Liben,Deka Suftu,2016,1142,3008,3008,3919,5555
Somali,Liben,Dolo ado,2016,3178,5323,5323,7550,10772
Somali,Liben,Filtu,2016,1823,3450,3450,4756,6326
Somali,Liben,Gora Bekeksa,2016,1629,4248,4248,5250,7505
Somali,Liben,Gura Damole,2016,0,3038,3038,3630,5155
Somali,Nogob,Ayun,2016,1317,3353,3353,4519,6446
Somali,Nogob,Duhun,2016,817,2524,2524,2902,3876
Somali,Nogob,Elweyne,2016,2160,2939,2939,4923,7054
Somali,Nogob,Garbo,2016,551,1502,1502,1998,2677
Somali,Nogob,Haroshegah,2016,597,1636,1636,1954,2524
Somali,Nogob,Sagag,2016,1018,2821,2821,3334,4864
Somali,Nogob,Xararen,2016,0,0,0,0,0
Somali,Shabele,Abaqorow,2016,736,786,786,1634,1912
Somali,Shabele,Berano,2016,2307,3008,3008,4791,6629
Somali,Shabele,Danan,2016,1105,1854,1854,2792,3449
Somali,Shabele,East Imey,2016,2286,4040,4040,5772,8050
Somali,Shabele,Elele,2016,902,1655,1655,2042,2418
Somali,Shabele,Ferfer,2016,1988,2427,2427,3150,4528
Somali,Shabele,Gode,2016,1924,3144,3144,4004,5243
Somali,Shabele,Gode City,2016,1711,3434,3434,4490,5883
Somali,Shabele,Kelafo,2016,1751,2063,2063,3567,5039
Somali,Shabele,Mustahil,2016,4225,6307,6307,7045,9778
Somali,Siti,Afdem,2016,1493,4255,4255,5515,7643
Somali,Siti,Aysha,2016,0,0,0,0,0
Somali,Siti,Daymeed,2016,141,102,102,729,957
Somali,Siti,Dembel,2016,3720,5377,5377,5634,8033
Somali,Siti,Dhunyar,2016,549,1446,1446,1955,2736
Somali,Siti,Erere,2016,2141,3920,3920,5306,6808
Somali,Siti,Gablalu,2016,0,0,0,0,0
Somali,Siti,Hadigala,2016,224,306,306,712,837
Somali,Siti,Meisso,2016,856,2516,2516,2728,3956
Somali,Siti,Shinele,2016,0,4182,4182,4259,4368
Somali,Siti,Meisso,2016,5455,5870,5870,9469,13216
Somali,Siti,Shinele town,2016,0,0,0,0,0
Tigray,Centeral,Abergele Yechla,2016,2072,1788,2034,5662,4425
Tigray,Centeral,Abi Adi,2016,1747,1449,1867,4693,3854
Tigray,Centeral,Adiet,2016,1845,1762,2017,5309,4320
Tigray,Centeral,Adwa town,2016,1909,1508,1749,4613,4326
Tigray,Centeral,Ahferom,2016,753,952,1345,2820,2579
Tigray,Centeral,Ahsea,2016,865,906,975,2809,2640
Tigray,Centeral,Axum town,2016,2104,2112,2098,6045,4703
Tigray,Centeral,Chlla,2016,1054,1123,1272,3279,2779
Tigray,Centeral,Egella,2016,800,778,750,2365,1792
Tigray,Centeral,Embasenyti,2016,699,626,726,1881,1698
Tigray,Centeral,Edabatsahma,2016,1695,1465,2065,4753,3886
Tigray,Centeral,Enticho,2016,661,497,536,1453,1332
Tigray,Centeral,Hahaylle,2016,729,713,842,2340,2031
Tigray,Centeral,Keyh Teklli,2016,1117,872,1194,2853,2633
Tigray,Centeral,Kolla Temben,2016,942,908,1242,2873,2729
Tigray,Centeral,Laelay Maychew,2016,876,989,1524,2926,2226
Tigray,Centeral,Mai Kinetal,2016,913,827,883,2549,2470
Tigray,Centeral,Naeder,2016,966,866,1213,2873,2601
Tigray,Centeral,Rama Adi 4,2016,1096,1108,1577,3332,2358
Tigray,Centeral,Tahtay Maychew,2016,1300,1233,2091,3881,3015
Tigray,Centeral,Tankamlash,2016,856,658,1423,2294,1848
Tigray,East,Adigrat,2016,2365,2005,2722,6136,5823
Tigray,East,Atsbi,2016,1402,1373,2102,3965,3126
Tigray,East,Atsibi E/Silasea,2016,297,278,389,799,826
Tigray,East,Erob,2016,191,213,257,682,509
Tigray,East,Ganta Afeshum,2016,846,866,1173,2716,2240
Tigray,East,Gerealta,2016,622,832,894,1885,1764
Tigray,East,Gulomekeda,2016,563,680,657,1825,1983
Tigray,East,Kilte awlaelo,2016,797,1296,1206,2691,2377
Tigray,East,Subha Saesie,2016,863,937,971,2825,2329
Tigray,East,Tsaeda Emba,2016,1744,1565,1998,4844,4664
Tigray,East,Tsirae Wemberta,2016,1460,1484,1904,4369,3532
Tigray,East,Wukro,2016,1338,953,1881,3755,3707
Tigray,Mekelle,Adihaki,2016,1468,1329,2073,4361,4152
Tigray,Mekelle,Ayder,2016,2888,3562,3563,8744,8079
Tigray,Mekelle,Hadnet,2016,2887,4294,4947,10741,8661
Tigray,Mekelle,Hawelti,2016,2185,2229,3308,6850,5881
Tigray,Mekelle,Kedamay Weyane,2016,427,463,661,1390,1376
Tigray,Mekelle,Quiha,2016,959,1238,1210,3094,2875
Tigray,Mekelle,Semen,2016,2545,2918,2082,5583,4640
Tigray,North West,Adi Daero,2016,1414,1513,1652,4326,3148
Tigray,North West,Asgede,2016,1829,2277,3075,6918,5251
Tigray,North West,Endaba Guna,2016,662,592,826,1800,1417
Tigray,North West,Laelay Koraro,2016,1234,1183,1371,3739,2608
Tigray,North West,Maekel Adiabo,2016,760,760,957,2477,1804
Tigray,North West,Seyemti Adiabo,2016,679,882,1151,2805,1992
Tigray,North West,Sheraro Town,2016,1133,853,736,2722,2433
Tigray,North West,Shire Endaselasie,2016,4013,3796,4592,11777,9956
Tigray,North West,Tahetay Adiabo,2016,1533,1623,2474,4790,3366
Tigray,North West,Tahetay Koraro,2016,1581,1476,2083,4579,3512
Tigray,North West,Tsimbla,2016,1228,1207,1671,3780,2965
Tigray,North West,Zana,2016,1476,1201,1711,3856,2988
Tigray,South,Emba Alaje,2016,1205,955,1691,3407,2855
Tigray,South,Enda mekhoni,2016,1376,1423,2345,3961,3451
Tigray,South,Korem,2016,20,0,0,0,520
Tigray,South,Maychew,2016,880,872,1064,2454,2199
Tigray,South,Ofla,2016,186,99,727,868,635
Tigray,South,Raya Azebo,2016,299,507,361,795,804
Tigray,South,Raya Chercher,2016,1810,1463,2497,4716,4523
Tigray,South East,Degua Tembien,2016,1176,1085,1405,3376,2607
Tigray,South East,Enderta,2016,2447,2277,3207,7551,7050
Tigray,South East,Hintallo,2016,3985,3389,4731,11127,9558
Tigray,South East,Samre,2016,937,914,1108,2654,2796
Tigray,South East,Seharti,2016,1394,1295,1164,3823,3605
Tigray,South East,Wejerat,2016,827,681,1503,2298,1813
