Region,Zone,Woreda,Period,BCG Distributed,IPV Distributed,Measles Distributed,Penta Distributed,Rota Distributed
Addis Ababa,Addis Ketema Sub City,Abebe Bikila Health Center,2015,1280,910,1600,2919,1754
Addis Ababa,Addis Ketema Sub City,Abisiniya Health center,2015,1380,645,510,1571,979
Addis Ababa,Addis Ketema Sub City,Addis Ketema Health Center,2015,2260,1390,2800,4235,2394
Addis Ababa,Addis Ketema Sub City,Ginbot 20 HC,2015,820,695,790,931,645
Addis Ababa,Addis Ketema Sub City,Kuas Meda HC,2015,980,985,1250,1894,1199
Addis Ababa,Addis Ketema Sub City,Addis Rae HC,2015,500,310,720,948,513
Addis Ababa,Addis Ketema Sub City,Ethiotebib GH,2015,2480,1080,2090,3936,2411
Addis Ababa,Addis Ketema Sub City,Felege Mels ,2017,2240,1680,2580,3289,2000
Addis Ababa,Addis Ketema Sub City,Kolfe Health Center,2017,5960,3195,9000,9891,5573
Addis Ababa,Addis Ketema Sub City,LomiMeda ,2017,2300,1875,4820,7029,3659
Addis Ababa,Addis Ketema Sub City,MikililandHealth Center,2017,6200,3885,8890,12966,6741
Addis Ababa,Addis Ketema Sub City,Millinium Health center,2017,480,465,480,1082,682
Addis Ababa,Addis Ketema Sub City,Woreda 10 Health Center,2017,340,215,150,339,218
Addis Ababa,Addis Ketema Sub City,Woreda 11 Philipos Health Center,2017,2300,1695,3940,4634,2763
Addis Ababa,Addis Ketema Sub City,No Name,2017,680,405,850,1862,862
Addis Ababa,Akaki Kality Sub City,Akaki Health Center,2017,5660,5290,7140,10638,6011
Addis Ababa,Akaki Kality Sub City,Gelan HC,2017,4760,5655,8050,10744,4456
Addis Ababa,Akaki Kality Sub City,Gelan Gura Health center,2017,760,1445,1910,2197,1353
Addis Ababa,Akaki Kality Sub City,Kality Health Center,2017,3160,4310,5060,6782,3905
Addis Ababa,Akaki Kality Sub City,Saris_PHCU,2016,3380,2910,3920,6051,3896
Addis Ababa,Akaki Kality Sub City,Selam Frea Health Center,2016,1100,1350,2070,2802,1693
Addis Ababa,Akaki Kality Sub City,Sertie Health Center,2016,3680,2060,3000,5147,2885
Addis Ababa,Arada Sub City,Abuare Health Center,2016,820,690,520,1429,931
Addis Ababa,Arada Sub City,Arada Health Center_Closed,2016,1240,545,200,1604,975
Addis Ababa,Arada Sub City,Bashawolid health center,2016,360,140,3500,293,196
Addis Ababa,Arada Sub City,Janmeda Health Center,2016,6860,2460,2180,7127,4625
Addis Ababa,Arada Sub City,Kebena Health Center,2016,2820,1805,100,3502,1977
Addis Ababa,Arada Sub City,Semen Health Center,2016,2680,2175,660,4565,2681
Addis Ababa,Bole Sub City,Bole 17 Health Center,2016,960,750,1210,2574,1616
Addis Ababa,Bole Sub City,Bole 17/20 Health Center,2016,720,810,1330,2256,1467
Addis Ababa,Bole Sub City,Bulbula Health Center,2016,2300,2105,3910,6257,3950
Addis Ababa,Bole Sub City,Bole Sub City Health Office,2016,13960,9565,12270,22493,15799
Addis Ababa,Bole Sub City,Dil Fere Health Center,2016,1540,1675,2120,4280,2692
Addis Ababa,Bole Sub City,Gerji Health Center,2016,1460,1550,2620,4298,2621
Addis Ababa,Bole Sub City,Yekatit 12 General Hospital Medical College,2016,9920,115,300,776,601
Addis Ababa,Gulele Sub City,Addis Hiwot health Center,2016,760,470,100,1410,880
Addis Ababa,Gulele Sub City,Addisu Gebaya Health Center,2016,1080,975,2060,2719,1807
Addis Ababa,Gulele Sub City,Entoto Fana Health Center,2016,920,1030,1970,2982,1831
Addis Ababa,Gulele Sub City,Hidasie Health Henter,2016,660,780,270,2164,1257
Addis Ababa,Gulele Sub City,Maychew Health Center,2016,1680,720,220,2012,1245
Addis Ababa,Gulele Sub City,Selam Health Center,2016,880,705,1140,1984,1279
Addis Ababa,Gulele Sub City,Shegole Health Center,2016,480,725,1100,2426,1364
Addis Ababa,Gulele Sub City,Shiromeda Health Center,2016,400,365,740,1025,672
Addis Ababa,Gulele Sub City,Tibeb Bekechene Health Center,2016,1240,815,1370,2006,1247
Addis Ababa,Hospital,Tirunesh Beijing Hospital,2016,4020,1460,2450,3070,1996
Addis Ababa,Hospital,Ras Desta Damitew General Hospital,2016,2600,140,160,571,283
Addis Ababa,Hospital,Gandhi MCH Speciality Center,2016,7620,485,470,286,191
Addis Ababa,Hospital,Zewditu Memorial General Hospital,2016,6060,270,490,576,339
Addis Ababa,Hospital,ALERT General Hospital,2016,6320,525,970,984,328
Addis Ababa,Hospital,Eka Kotebe General Hospital,2016,4460,220,710,883,574
Addis Ababa,Hospital,Dagmawi Minilik Comprehensive Specialized Hospital,2016,1460,60,130,277,188
Addis Ababa,Kirkos Sub City,Betsegah Maternal and Child Health Specialty center,2016,1600,1025,1470,2672,1806
Addis Ababa,Kirkos Sub City,Efoyita Health Center,2016,340,440,830,953,560
Addis Ababa,Kirkos Sub City,Felegehiwot Health Center,2016,300,375,1140,537,302
Addis Ababa,Kirkos Sub City,Feresmeda Health Center,2016,1460,465,1380,1853,1204
Addis Ababa,Kirkos Sub City,Goteramasalecha Health Center,2016,5660,1175,2100,3151,2242
Addis Ababa,Kirkos Sub City,Hiwotamba Health Center,2016,840,765,1410,1547,960
Addis Ababa,Kirkos Sub City,Kazanchise_PHCU,2016,1900,2165,3430,4381,3915
Addis Ababa,Kirkos Sub City,Kirkos Health Center,2016,1600,1400,2140,2880,1796
Addis Ababa,Kirkos Sub City,Maristopes Maternal And Child Health Specialty Center,2016,1680,955,1160,3031,1049
Addis Ababa,Kirkos Sub City,Mesholekiya Health Center,2016,2300,1585,960,3273,2094
Addis Ababa,Kolfe Subcity,Alembank Health Center,2016,7480,6630,10090,14167,9216
Addis Ababa,Kolfe Subcity,Keranyo Health Center,2016,2980,2345,5160,7864,4902
Addis Ababa,Kolfe Subcity,Woreda 06 Health Center,2016,4300,3570,1670,8378,5015
Addis Ababa,Kolfe Subcity,Woreda 01Health Center,2016,4140,2415,3640,7309,4140
Addis Ababa,Kolfe Subcity,Woreda 09 Health Center,2016,2240,1555,1690,4104,2283
Addis Ababa,Kolfe Subcity,Woreda 03 Health Center,2016,5960,5225,8670,14539,8842
Addis Ababa,Lemi Kura Sub City,Amoraw Memmorial Health Center,2016,2600,1975,3230,7700,5172
Addis Ababa,Lemi Kura Sub City,Arabsa Health Center,2016,1140,3955,2300,6024,4150
Addis Ababa,Lemi Kura Sub City,Goro Health Center,2016,2620,2580,3370,7154,5210
Addis Ababa,Lemi Kura Sub City,Woreda 2 Health Center,2016,2340,1680,2770,6572,4165
Addis Ababa,Lemi Kura Sub City,Woreda 14 Hedase Health Center,2016,3040,2325,3780,7501,5157
Addis Ababa,Lemi Kura Sub City,Meri Health Center,2016,1180,1625,2770,5037,3254
Addis Ababa,Lemi Kura Sub City,Raey Health Center,2016,1800,1460,2070,4575,3571
Addis Ababa,Lemi Kura Sub City,Samit_PHCU,2016,1140,1445,1780,4823,3490
Addis Ababa,Lemi Kura Sub City,Abado Health Center,2016,2100,2380,3180,5277,3778
Addis Ababa,Lideta Sub City,Abnet Health center,2016,2160,420,1330,2237,1131
Addis Ababa,Lideta Sub City,W/ro Beletshachew Health Center,2016,940,900,1220,2045,1329
Addis Ababa,Lideta Sub City,General Jagema Kelo memorial health center,2016,1840,1180,3360,4274,2506
Addis Ababa,Lideta Sub City,Hidase Fire Health Center,2016,340,360,270,953,544
Addis Ababa,Nifas Silk Lafto Sub City,Woreda 01 Health Center,2016,4760,3710,6110,9048,5431
Addis Ababa,Nifas Silk Lafto Sub City,weroda 10 Health Center,2016,1300,1235,2070,2822,2179
Addis Ababa,Nifas Silk Lafto Sub City,Weroda 11 Health Center,2016,5240,4240,6780,10116,5713
Addis Ababa,Nifas Silk Lafto Sub City,Weroda 12 Health Center,2016,4240,5720,9070,10019,5076
Addis Ababa,Nifas Silk Lafto Sub City,Weroda 2 Health Center,2016,6260,5405,10460,14356,8653
Addis Ababa,Nifas Silk Lafto Sub City,wereda 6 Health center,2016,3080,2660,4380,5791,3325
Addis Ababa,Nifas Silk Lafto Sub City,woreda 9 Health Center,2016,1400,1920,2850,4167,2482
Addis Ababa,Nifas Silk Lafto Sub City,Woreda 5 Health Center,2016,1420,1730,2720,3355,1581
Addis Ababa,Yeka Sub City,Chefe Health Center,2016,2060,1300,1440,3210,2158
Addis Ababa,Yeka Sub City,Entoto No.1 Health Center,2016,520,215,680,781,530
Addis Ababa,Yeka Sub City,Entoto No.2 Health Center,2016,2240,1585,1310,4206,3126
Addis Ababa,Yeka Sub City,Korea Zemachoch Metasebiya Health Center,2016,600,235,10,599,372
Addis Ababa,Yeka Sub City,Kotebe 02 Health Center,2016,2800,3150,3830,5888,4077
Addis Ababa,Yeka Sub City,Yeka Health Center,2016,640,1140,1840,2408,1695
Addis Ababa,Yeka Sub City,Ferensay Around_PHCU,2016,500,625,690,1658,1093
Addis Ababa,Yeka Sub City,Wereda 10 Health Center,2016,1360,1330,2250,3070,2177
Addis Ababa,Yeka Sub City,Werda12 Health center,2016,1900,2500,2600,5044,3530
Addis Ababa,Yeka Sub City,Wereda 07 Health Center,2016,1000,610,430,1418,920
Afar,Zone-1,Adaar,2016,2020,2450,6170,2870,2090
Afar,Zone-1,Afambo,2016,680,1065,1980,1055,781
Afar,Zone-1,Aysita,2016,4360,2710,7450,6158,4253
Afar,Zone-1,Chifra,2016,3380,4310,9740,6664,4447
Afar,Zone-1,Dubti,2016,4260,3580,6970,5510,3553
Afar,Zone-1,Elidar,2016,3200,2925,7640,4069,2934
Afar,Zone-1,Kori,2016,1960,1855,3860,2574,1827
Afar,Zone-1,Mille,2016,4100,3790,6900,7296,4638
Afar,Zone-1,Semera,2016,1720,1065,2050,1719,1220
Afar,Zone-2,Aba'ala,2016,7440,4510,9330,7990,6180
Afar,Zone-2,Afdera,2016,1320,1950,3200,2058,1518
Afar,Zone-2,Berahle,2016,6280,6565,13190,8596,5864
Afar,Zone-2,Bidu,2016,1580,2105,5160,1891,1831
Afar,Zone-2,Dalol,2016,5620,3200,12340,8755,4942
Afar,Zone-2,Erabti,2016,2900,1870,4740,2322,1262
Afar,Zone-2,Kunoba,2016,4260,2995,8620,5164,3676
Afar,Zone-2,Megale,2016,2660,2640,5510,4957,3159
Afar,Zone-3,Amibara,2016,5340,3490,9780,7295,4733
Afar,Zone-3,Argoba Liyu,2016,1220,1025,2460,1619,867
Afar,Zone-3,Awash Fenteale,2016,1500,1025,1490,1206,712
Afar,Zone-3,Awash Town,2016,1340,680,2010,2685,1607
Afar,Zone-3,Buremedaytu,2016,2460,2450,8490,3444,2510
Afar,Zone-3,Dulecha,2016,1020,700,1640,1619,1332
Afar,Zone-3,Gewane,2016,2040,2455,5230,3062,2138
Afar,Zone-4,Awura,2016,1200,1305,2880,1937,1448
Afar,Zone-4,Ewa,2016,1820,1910,4230,2575,1639
Afar,Zone-4,Gulina,2016,2580,2700,5850,4015,2703
Afar,Zone-4,Teru,2016,1220,1900,4370,3032,1052
Afar,Zone-4,Yallo,2016,2220,2200,6020,4680,2657
Afar,Zone-5,Dalifaghe,2016,680,915,3480,1150,1024
Afar,Zone-5,Dewe,2016,4500,3515,6860,4089,2745
Afar,Zone-5,Hadeleala,2016,1860,1870,4360,3197,2193
Afar,Zone-5,Semirobi,2016,1340,1590,3630,2683,1581
Afar,Zone-5,Telalak,2016,2200,1530,4210,2810,1749
Afar,Zone-6,Gereni,2016,900,1455,2960,1828,1428
Amhara,Awi,Ankasha Guagusa,2016,10060,6295,13690,12870,7571
Amhara,Awi,Ayehu Guagusa,2016,5320,7065,8300,5971,4071
Amhara,Awi,Banja,2016,5500,3520,6600,8314,4562
Amhara,Awi,Chagni Town,2016,4100,3625,6210,8098,4327
Amhara,Awi,Dangla Town,2016,4560,2050,4450,6602,3983
Amhara,Awi,Dangla Zuria,2016,6780,4545,7170,8313,5880
Amhara,Awi,Fagitalekoma,2016,10680,6325,11870,14167,8300
Amhara,Awi,Guagusa Shikuda,2016,6840,4360,9050,8344,5387
Amhara,Awi,Guangua,2016,8580,5805,10280,12076,6780
Amhara,Awi,Injibara Town,2016,7520,5940,2680,10732,5463
Amhara,Awi,Jawi,2016,11460,9110,5530,17244,9794
Amhara,Awi,Zigem,2016,7900,5645,11050,12021,7483
Amhara,Bahir Dar Town,Bahir Dar Town,2016,41220,25415,49680,70320,39583
Amhara,Central Gondar,Alefa,2016,10320,7790,19150,17407,11280
Amhara,Central Gondar,Cetral Armachiho,2016,5240,3255,6140,8310,4894
Amhara,Central Gondar,Chilga,2016,7620,6200,12840,14111,8764
Amhara,Central Gondar,East Belesa,2016,8480,6170,14600,13413,8723
Amhara,Central Gondar,East Dembia,2016,11280,8165,91420,20079,13094
Amhara,Central Gondar,Gondar Zuriya,2016,7840,6395,17840,13950,9557
Amhara,Central Gondar,Kinfaze Begela,2016,4940,3200,34550,8038,5141
Amhara,Central Gondar,Lay Armacho,2016,6060,4795,11410,10484,6470
Amhara,Central Gondar,Nebaru Chilga,2016,3380,3000,7000,6919,4362
Amhara,Central Gondar,Tach Armacho,2016,6880,5120,53700,12021,7267
Amhara,Central Gondar,Takusa,2016,8460,7035,16800,15853,10235
Amhara,Central Gondar,Tegede,2016,6080,4640,13160,10680,6593
Amhara,Central Gondar,West Belesa,2016,10220,7170,15420,16947,10758
Amhara,Central Gondar,West Dembia,2016,5240,4310,11380,10346,6910
Amhara,Central Gondar,Wogera,2016,15020,9755,24000,22903,15039
Amhara,Debrebirhan Town,Debrebirhan Town,2016,10740,5845,11750,16625,9332
Amhara,Debremarkos Town,Debremarkos Town,2016,11980,7625,12780,16521,10190
Amhara,Debretabor Town,Debretabor Town,2016,12980,5800,3760,16914,10669
Amhara,Dessie Town,Dessie Town Zone,2016,18840,20690,38000,39511,25507
Amhara,East Gojjam,Aneded,2016,4880,3025,5810,5639,3635
Amhara,East Gojjam,Awabel,2016,7980,3050,10430,7385,4922
Amhara,East Gojjam,Basoliben,2016,7520,3985,9120,8556,5397
Amhara,East Gojjam,Bibugne,2016,5740,3420,7240,6205,3571
Amhara,East Gojjam,Debaytilatgin,2016,4960,4710,9840,8247,5406
Amhara,East Gojjam,Debre Elias Worda,2016,5220,3375,8470,6144,4081
Amhara,East Gojjam,Dejen,2016,7540,3820,8350,9037,5376
Amhara,East Gojjam,Enarje Enawga,2016,10880,7285,12780,11887,6863
Amhara,East Gojjam,Enebse Sar Mider,2016,8820,5440,11580,9027,5210
Amhara,East Gojjam,Enemay,2016,8040,4925,9510,11258,7633
Amhara,East Gojjam,Goncha WorHO,2016,6320,4655,9710,9167,5904
Amhara,East Gojjam,Gozamin,2016,8520,3270,6450,9273,5897
Amhara,East Gojjam,Hulet Eju Nese WorHO,2016,8880,5835,12120,11209,7298
Amhara,East Gojjam,Machakel,2016,7140,4310,11850,8559,5694
Amhara,East Gojjam,Motta town,2016,4860,4075,4810,7832,4564
Amhara,East Gojjam,Sedie,2016,5520,3365,8080,7594,4309
Amhara,East Gojjam,Shebel Berenta,2016,6460,3980,9420,7193,5399
Amhara,East Gojjam,Sinan,2016,5420,2265,5060,6027,3600
Amhara,Gondar Town,Gondar Town,2016,26400,16900,29190,47164,30431
Amhara,Kombolcha Town,Kombolcha Town,2016,8740,8405,16780,18391,11384
Amhara,North Gojjam,Bahir Dar Zuria,2016,11240,8435,17940,17427,10176
Amhara,North Gojjam,Gonji Kollela,2016,5720,4025,9700,7539,5295
Amhara,North Gojjam,North Achefer,2016,14040,6160,13290,16617,10037
Amhara,North Gojjam,North Mecha,2016,17380,8880,19130,24751,14066
Amhara,North Gojjam,South Achefer,2016,11480,4955,11860,14414,6786
Amhara,North Gojjam,South Mecha,2016,6920,3660,6320,8033,4124
Amhara,North Gojjam,Yilmana Densa,2016,15120,8640,20050,20153,12436
Amhara,North Gondar,Adi Arkay,2016,7420,5295,13840,12122,8113
Amhara,North Gondar,Beyeda,2016,5740,4335,8470,10058,6384
Amhara,North Gondar,Dabat,2016,14400,9525,21240,22200,14499
Amhara,North Gondar,Debark Town,2016,12000,9085,22980,25880,14608
Amhara,North Gondar,Debark Zuria,2016,1200,560,1120,1615,1093
Amhara,North Gondar,Janamora,2016,12560,8755,92110,21683,14104
Amhara,North Gondar,Telemt,2016,14860,10925,25010,26835,16565
Amhara,North Shewa,Angolela Tara,2016,4740,3030,1660,6827,4327
Amhara,North Shewa,Ankober,2016,3100,1755,2130,3561,2662
Amhara,North Shewa,Antsokia Gemiza,2016,4820,4360,8080,9679,5797
Amhara,North Shewa,Asagirt,2016,1160,1205,2370,1841,1559
Amhara,North Shewa,Bassona Worana,2016,5460,2920,3470,7358,4601
Amhara,North Shewa,Berehet,2016,1780,1530,840,1939,1342
Amhara,North Shewa,Efratana Gidim,2016,10420,9610,17740,13903,11645
Amhara,North Shewa,Ensaro,2016,4040,3485,5410,7188,4707
Amhara,North Shewa,Gishe,2016,4380,4010,8000,6876,4361
Amhara,North Shewa,Hagere Mariam,2016,2840,1320,1600,3021,2137
Amhara,North Shewa,Kewot,2016,5400,4435,9240,9444,5588
Amhara,North Shewa,Menz Gera Midir,2016,6760,6230,7990,9359,5775
Amhara,North Shewa,Menz Keya Gebreal,2016,2340,1475,2550,3580,3287
Amhara,North Shewa,Menz Lalo Midir,2016,2140,950,1830,3139,2124
Amhara,North Shewa,Menz Mama Midir,2016,5220,3405,6900,9847,6790
Amhara,North Shewa,Merhabete,2016,7620,4310,5330,10057,7170
Amhara,North Shewa,Mida Woremo,2016,5780,2850,6460,7560,5922
Amhara,North Shewa,Minjar Shenkora,2016,5600,3880,4910,7531,5646
Amhara,North Shewa,Mojana Wodera,2016,3820,1535,4000,4437,3259
Amhara,North Shewa,Mortena Jiru,2016,4240,2235,3640,6227,3965
Amhara,North Shewa,Saya Deberna Wayu,2016,3640,2070,4090,5963,4131
Amhara,North Shewa,Shoarobit Town,2016,4380,4435,9020,7581,5795
Amhara,North Shewa,Tarmaber,2016,4740,3490,5530,5943,5361
Amhara,North Wollo,Angot,2016,2460,2355,4250,3979,2716
Amhara,North Wollo,Bugina,2016,2880,3320,8100,6267,3814
Amhara,North Wollo,Dawunt,2016,3980,3405,7710,6722,4486
Amhara,North Wollo,Gazo,2016,4600,4115,7990,8301,5663
Amhara,North Wollo,Gidan,2016,7000,6070,15470,13100,8470
Amhara,North Wollo,Guba Lafto,2016,8600,7440,18320,15100,10993
Amhara,North Wollo,Habru,2016,12780,9610,23280,23422,15892
Amhara,North Wollo,Kobo Town,2016,8560,6975,8900,13009,9504
Amhara,North Wollo,Lasta,2016,9300,8530,13880,17386,11064
Amhara,North Wollo,Meket,2016,10140,10675,17990,20323,13826
Amhara,North Wollo,Raya Kobo,2016,10360,12000,32200,17861,12558
Amhara,North Wollo,Wadila,2016,7800,6660,11000,13350,9615
Amhara,Oromia Special,Artuma Fursi,2016,6780,5340,58310,11936,7778
Amhara,Oromia Special,Bati Town,2016,2620,2310,2340,4715,3431
Amhara,Oromia Special,Bati,2016,6800,5520,31110,10662,7389
Amhara,Oromia Special,Dawa Chefa,2016,10080,8790,71570,18237,12097
Amhara,Oromia Special,Dawa Harewa,2016,3820,3100,25710,6516,4370
Amhara,Oromia Special,Jile Timuga,2016,6080,4625,45300,10881,7188
Amhara,Oromia Special,Kemisie Town,2016,3600,3960,31520,9393,5671
Amhara,South Gondar,Andabet,2016,10400,7500,12660,13061,7338
Amhara,South Gondar,Dera,2016,24120,14530,24870,33124,19702
Amhara,South Gondar,Ebinat,2016,10280,8180,21180,17974,13649
Amhara,South Gondar,Estie,2016,18160,11720,22020,22486,14928
Amhara,South Gondar,Farta,2016,11880,8310,12730,13711,8837
Amhara,South Gondar,Fogera,2016,20700,10940,19360,27731,17250
Amhara,South Gondar,Guna Begemidir,2016,6500,4365,13090,8111,5262
Amhara,South Gondar,Lay Gayint,2016,17260,11815,19840,21607,13023
Amhara,South Gondar,Libokemkem,2016,13720,9480,20620,20496,12730
Amhara,South Gondar,Mena Meketewa,2016,1820,1060,22940,3038,2035
Amhara,South Gondar,Sedie Muja,2016,6340,3705,6980,9062,4998
Amhara,South Gondar,Simada,2016,12460,10105,79090,16679,9965
Amhara,South Gondar,Tach Gayint,2016,6940,5400,9050,9496,5950
Amhara,South Wollo,Albuko,2016,4540,4615,8170,7541,5047
Amhara,South Wollo,Ambasel,2016,5340,6180,12330,10235,6393
Amhara,South Wollo,Amhara Saint,2016,8540,8400,76600,13785,9504
Amhara,South Wollo,Argoba,2016,3500,2640,4080,5732,4384
Amhara,South Wollo,Borena,2016,9300,9225,15120,14533,10145
Amhara,South Wollo,Delanta,2016,6820,4670,6230,9589,6289
Amhara,South Wollo,Dessie Zuria,2016,1420,1385,1930,2272,1674
Amhara,South Wollo,Jamma,2016,6900,5700,13660,12121,6716
Amhara,South Wollo,Kallu,2016,13100,12365,23090,24388,15542
Amhara,South Wollo,Kelala,2016,9860,8615,19000,17538,10845
Amhara,South Wollo,Kutaber,2016,6120,5295,12740,11285,6845
Amhara,South Wollo,Legambo,2016,9520,8575,16220,14966,9992
Amhara,South Wollo,Legehida,2016,3260,3405,5450,5891,4062
Amhara,South Wollo,Mehal Saint,2016,4820,3450,8840,7738,4954
Amhara,South Wollo,Mekdela,2016,8820,8930,16360,15720,10745
Amhara,South Wollo,Tehuledre,2016,7000,6675,12670,12881,8093
Amhara,South Wollo,Tenta,2016,8520,9100,16020,14257,9932
Amhara,South Wollo,Wogidi,2016,7760,6780,12610,13621,9000
Amhara,South Wollo,Worebabo,2016,5460,4970,8920,9646,5581
Amhara,South Wollo,Woreilu,2016,6940,6685,12050,13439,8537
Amhara,Waghimera,Abergele,2016,2880,5355,11140,9553,7629
Amhara,Waghimera,Dehana,2016,5760,6530,13320,13474,9382
Amhara,Waghimera,Gazgibla,2016,3720,4865,9880,8700,5539
Amhara,Waghimera,Sehala,2016,1280,1560,14590,3639,2086
Amhara,Waghimera,Sekota Town,2016,1840,2145,2030,3369,2530
Amhara,Waghimera,Sekota Zuria,2016,13100,11605,59270,25348,16372
Amhara,Waghimera,Tsagibji,2016,1620,2280,7480,4815,3674
Amhara,Waghimera,Ziquala,2016,3280,3080,27880,7001,3937
Amhara,West Gojjam,Bure Town,2016,3060,1550,1700,3852,2869
Amhara,West Gojjam,Bure Zuria,2016,6460,2850,7940,9419,5897
Amhara,West Gojjam,Dega Damot,2016,6880,2110,4370,6333,4485
Amhara,West Gojjam,Dembecha,2016,11640,5695,12750,14673,8680
Amhara,West Gojjam,Finote Selam Town,2016,7060,4020,6380,8473,5588
Amhara,West Gojjam,Jabi Tehnan,2016,9840,4025,9470,11167,7732
Amhara,West Gojjam,Quarit,2016,7460,4130,8700,8400,6200
Amhara,West Gojjam,Sekela,2016,8400,4395,8540,7726,5197
Amhara,West Gojjam,Wenberma,2016,6960,3390,8130,8151,5495
Amhara,West Gondar,Adagnager Chako,2016,2580,1495,3730,4297,2780
Amhara,West Gondar,Gendawuha,2016,6600,6390,26250,12294,7418
Amhara,West Gondar,Metema,2016,7460,4470,7590,12603,8776
Amhara,West Gondar,Quara,2016,6380,4275,8600,10843,7279
Amhara,West Gondar,West Armachho,2016,3080,1820,22740,5990,3759
Amhara,Woldia Town,Woldia Town,2016,4540,5215,7390,9766,6472
Benishangul-Gumuz,Asossa,Abrahamo Woreda,2016,2940,2180,7200,5389,3285
Benishangul-Gumuz,Asossa,Bambasi,2016,6200,8100,4820,9338,6979
Benishangul-Gumuz,Asossa,Buldigilu Woreda,2016,4120,3005,6270,5394,4542
Benishangul-Gumuz,Asossa,Homesha,2016,3740,2725,3470,7324,5019
Benishangul-Gumuz,Asossa,Kurmuk,2016,1900,1610,2760,3127,2572
Benishangul-Gumuz,Asossa,Menge,2016,3380,2585,5410,5656,3940
Benishangul-Gumuz,Asossa,Oura,2016,4980,3130,8150,6930,4765
Benishangul-Gumuz,Asossa,Sherkole,2016,2740,2270,3820,5615,4226
Benishangul-Gumuz,Asossa,Undullu,2016,1660,1245,1980,2732,2085
Benishangul-Gumuz,Assosa Town,Assosa Town,2016,7960,5965,9120,14266,8683
Benishangul-Gumuz,Kamashi,Dambe Woreda,2016,1440,1490,3680,3515,4511
Benishangul-Gumuz,Kamashi,Kamashi Woreda,2016,720,1240,3530,2551,2290
Benishangul-Gumuz,Kamashi,Mizhiga Woreda,2016,1960,1470,20240,3555,2379
Benishangul-Gumuz,Kamashi,Sedal Woreda,2016,1720,1330,3480,4541,3075
Benishangul-Gumuz,Kamashi,Zay Woreda,2016,1660,1400,3150,3438,3069
Benishangul-Gumuz,Mao Komo,Mao Komo Special Zone,2016,5360,4060,7680,9869,6416
Benishangul-Gumuz,Metekel,Bulen Woreda,2016,9200,3825,3460,12798,6300
Benishangul-Gumuz,Metekel,Dangur Woreda,2016,6320,4580,3770,5288,6907
Benishangul-Gumuz,Metekel,Dibate Woreda,2016,6700,4765,117240,8562,4165
Benishangul-Gumuz,Metekel,Guba Woreda,2016,1400,150,1320,1531,2056
Benishangul-Gumuz,Metekel,Wembera Woreda,2016,11860,5600,41920,7217,4918
Central Ethiopia,East Gurage,Butajira Town,2016,6840,3445,4910,9431,5619
Central Ethiopia,East Gurage,Meskan,2016,8540,4610,9440,10174,6480
Central Ethiopia,East Gurage,Sodo,2016,6480,3345,7730,7217,4487
Central Ethiopia,East Gurage,South Sodo,2016,740,300,530,806,476
Central Ethiopia,Gurage,Abeshge,2016,6460,3505,14960,10806,5357
Central Ethiopia,Gurage,Cheha,2016,6040,4905,7500,10054,6463
Central Ethiopia,Gurage,Endegagn,2016,4340,2260,5070,5460,3145
Central Ethiopia,Gurage,Enor Ener Meger,2016,700,425,1390,114,10
Central Ethiopia,Gurage,Enor,2016,12100,5900,13670,11384,5733
Central Ethiopia,Gurage,Ezha,2016,4560,2050,5120,6128,2678
Central Ethiopia,Gurage,Gedebano Gutazer Welene,2016,1640,1425,2570,3170,2305
Central Ethiopia,Gurage,Geta,2016,4340,1760,4200,3331,2313
Central Ethiopia,Gurage,Gumer,2016,4180,1830,3800,4426,2974
Central Ethiopia,Gurage,Mihurna Aklil,2016,6220,2210,3650,6074,3519
Central Ethiopia,Gurage,Wolkite Town,2016,8680,4135,11250,11731,5474
Central Ethiopia,Hadiya,Ameka,2016,4680,2355,7940,7440,4001
Central Ethiopia,Hadiya,Duna,2016,4700,2145,7950,6662,4393
Central Ethiopia,Hadiya,East Badawacho,2016,5740,1840,13860,7111,4391
Central Ethiopia,Hadiya,Gibe and Homocho,2016,8100,4160,7880,7569,5090
Central Ethiopia,Hadiya,Gombora Health Office,2016,3900,2020,6250,6817,3789
Central Ethiopia,Hadiya,Hosaena Town,2016,6600,7000,6060,9610,5178
Central Ethiopia,Hadiya,Jajura Town,2016,1380,900,2190,2004,1370
Central Ethiopia,Hadiya,Lemo Health Office,2016,22540,10230,20770,24259,13156
Central Ethiopia,Hadiya,Mirab Soro,2016,1940,720,1390,1597,1310
Central Ethiopia,Hadiya,Misha Health Office,2016,4320,2605,4440,6336,4111
Central Ethiopia,Hadiya,Shashego and Bonosha,2016,18000,9040,20980,22272,13812
Central Ethiopia,Hadiya,Shone Town Health Office,2016,2600,900,7560,868,1150
Central Ethiopia,Hadiya,Siraro Badewacho,2016,1900,1630,2940,2933,1959
Central Ethiopia,Hadiya,Soro Health Office,2016,8320,3410,7210,7555,5752
Central Ethiopia,Hadiya,West Badewacho,2016,5860,1450,5130,4830,3325
Central Ethiopia,Halaba,Atoti Ulo Health Office,2016,900,240,430,683,600
Central Ethiopia,Halaba,Halaba Kulito City Administration,2016,16160,9660,11080,18720,12199
Central Ethiopia,Halaba,Wera Dijo,2016,1520,870,2000,933,1120
Central Ethiopia,Halaba,Wera,2016,2120,855,1430,1002,651
Central Ethiopia,Kebena Special,Kebena Special,2016,3900,2375,4320,6213,3627
Central Ethiopia,Kembata,Adilo Zuria,2016,2060,1340,1100,2679,1936
Central Ethiopia,Kembata,Damboya Town and,2016,3760,2215,3770,5490,3850
Central Ethiopia,Kembata,Doyogena Town and,2016,5320,2005,2700,7750,4752
Central Ethiopia,Kembata,Durame Town,2016,2640,1595,1060,4233,2362
Central Ethiopia,Kembata,Hadero Town,2016,1380,925,1340,2564,2085
Central Ethiopia,Kembata,Hadero Tunto Zuriya,2016,5600,2715,5220,8247,4546
Central Ethiopia,Kembata,Kacha Birra,2016,6620,3480,6360,10292,6527
Central Ethiopia,Kembata,Kedida Gamela,2016,2720,1170,2210,2654,1282
Central Ethiopia,Kembata,Shinshicho Town,2016,780,250,910,1100,929
Central Ethiopia,Mareko Special,Mareko Special,2016,8160,6145,8930,9321,5975
Central Ethiopia,Silte,Alicho Werero,2016,5440,2710,6170,6150,4614
Central Ethiopia,Silte,Dalocha and Dalocha Twon,2016,6080,4240,5740,10666,6445
Central Ethiopia,Silte,East Azernet Berbere,2016,5660,2965,4200,4545,3084
Central Ethiopia,Silte,Hulbareg,2016,6720,3340,4290,6096,4657
Central Ethiopia,Silte,Lanfuro,2016,12200,6830,8360,14137,8648
Central Ethiopia,Silte,Sankura and Alemgebya,2016,9100,5300,7530,10505,7951
Central Ethiopia,Silte,Silti,2016,16140,8960,13920,15802,10583
Central Ethiopia,Silte,West Azernet,2016,4260,2140,3440,3599,2586
Central Ethiopia,Silte,Worabe Town,2016,11340,5780,8230,11291,6056
Central Ethiopia,Tembaro Special,Tembaro Special,2016,4540,2525,4850,6459,5116
Central Ethiopia,Yem,Yem Zone,2016,5140,4640,7510,7892,5263
Dire Dawa,Dire Dawa,Addis Ketema Health Center,2016,1360,805,1520,1643,1098
Dire Dawa,Dire Dawa,Biyo Awale Health Center,2016,2120,1140,1650,2386,1583
Dire Dawa,Dire Dawa,Boren Health Center,2016,1800,760,1680,1627,909
Dire Dawa,Dire Dawa,Dechatu Health center,2016,1540,840,2380,1948,1241
Dire Dawa,Dire Dawa,Dilchora General Hospital,2016,3620,1000,1370,1499,788
Dire Dawa,Dire Dawa,Dire Dawa Health Center,2016,860,1030,1640,1381,826
Dire Dawa,Dire Dawa,Doctor Abel Melkamu,2016,1000,990,820,1859,1267
Dire Dawa,Dire Dawa,Gende gerada Health Center,2016,940,1360,1830,2081,1679
Dire Dawa,Dire Dawa,Goro Health Center,2016,5360,2870,3430,6521,4082
Dire Dawa,Dire Dawa,Jeldessa Health Center,2016,2320,1130,1920,1225,988
Dire Dawa,Dire Dawa,Jello Belina Health Center,2016,2040,1355,2530,2140,1820
Dire Dawa,Dire Dawa,kalicha Health Center,2016,1040,580,2070,924,744
Dire Dawa,Dire Dawa,Legaoda Gudunfeta Health Center,2016,1300,1255,890,777,600
Dire Dawa,Dire Dawa,Legehare Health Center,2016,3220,2165,6870,3475,2472
Dire Dawa,Dire Dawa,Melka Jebdu Health Center,2016,3240,1165,2710,2950,2060
Dire Dawa,Dire Dawa,Melka Kero Health Center,2016,1000,490,470,693,475
Dire Dawa,Dire Dawa,Sabiyan General Hospital,2016,2420,2320,3480,4927,3247
Dire Dawa,Dire Dawa,Wahil Health Center,2016,1340,1315,1300,1420,1100
Gambella,Agniwa,Abobo,2016,2200,1150,1550,1650,550
Gambella,Agniwa,Dimma,2016,1400,2060,12580,2220,1300
Gambella,Gambella Town Admin,Gambella Town,2016,3640,1500,2500,5943,3120
Gambella,Agniwa,Gambella Zuria,2016,5180,2900,5160,5365,3620
Gambella,Agniwa,Gog,2016,1560,1010,2120,1201,1049
Gambella,Agniwa,Jor,2016,800,375,300,380,335
Gambella,Itang Special,Itang,2016,1540,2060,22840,2730,1350
Gambella,Majang,Godere Woreda,2016,2200,1500,2400,2500,2100
Gambella,Majang,Mengeshi,2016,2320,2300,13550,2800,1050
Gambella,Nuer,Akobo,2016,1280,850,1100,1560,750
Gambella,Nuer,Jikawo,2016,1600,1550,1700,1610,1020
Gambella,Nuer,Lare,2016,2180,1850,19690,2200,1380
Gambella,Nuer,Makuey,2016,1080,1200,9170,1350,1010
Gambella,Nuer,Wantawa,2016,1000,1150,1220,1228,763
Harari,Harari,Abadir Woreda,2016,200,425,1250,400,340
Harari,Harari,Aboker Woreda,2016,640,660,1230,789,569
Harari,Harari,Amir Nur Woreda,2016,520,550,1450,728,526
Harari,Harari,Dire Teyara Woreda,2016,1820,1755,3700,3101,1974
Harari,Harari,Erer Woreda,2016,1540,880,1070,1552,1140
Harari,Harari,Hakim Woreda,2016,2820,1935,3410,3901,2314
Harari,Harari,Jinela Woreda,2016,1360,850,1380,1676,1353
Harari,Harari,Shenkor Woreda,2016,620,545,1430,973,717
Harari,Harari,Sofi Woreda,2016,1200,755,2790,1025,1069
Oromia,Adama City,Adama City,2016,23020,15650,29350,51764,34321
Oromia,Agaro Town,Agaro Town,2016,4720,3425,6750,7543,4858
Oromia,AmboTown,AmboTown,2016,13060,8595,15630,21890,12377
Oromia,Arsi,Gololcha,2016,12340,8620,10730,17237,11488
Oromia,Arsi,Shanan Kolu,2016,5460,3590,7300,10765,6423
Oromia,Arsi,Merti,2016,7040,6165,7020,12468,8368
Oromia,Arsi,Aseko,2016,7040,4135,7170,9842,6507
Oromia,Arsi,Amigna,2016,5600,3655,7870,8674,5162
Oromia,Arsi,Lode Hetosa,2016,6220,4995,8100,10565,6637
Oromia,Arsi,Bale Gesgar,2016,6180,3685,7310,9181,6016
Oromia,Arsi,Diksis,2016,6760,3765,6460,8978,5648
Oromia,Arsi,Chole,2016,5900,4205,5720,10159,6585
Oromia,Arsi,Robe,2016,10160,6665,11940,17947,11423
Oromia,Arsi,Guna,2016,4560,3605,5270,7742,4933
Oromia,Arsi,Jeju,2016,7020,3960,8630,10361,6636
Oromia,Arsi,Ziway Dugda,2016,6660,4260,6970,9131,6135
Oromia,Arsi,Dodota,2016,4160,2205,4590,7163,4182
Oromia,Arsi,Enkelo Wabe,2016,3740,1805,3000,5143,3818
Oromia,Arsi,Sude,2016,8960,6575,11180,13012,7660
Oromia,Arsi,Ticho,2016,4080,2855,5670,5742,2808
Oromia,Arsi,Limu Bilbilo,2016,13060,7910,9310,18781,12683
Oromia,Arsi,Sirka,2016,9520,6725,11870,15400,9922
Oromia,Arsi,Digeluna Tijo,2016,8180,4525,9740,12314,8342
Oromia,Arsi,Tiyo,2016,4480,2375,4320,6891,4661
Oromia,Arsi,Munesa,2016,8940,4255,7160,13229,9074
Oromia,Arsi,Sire,2016,3080,1500,1650,5203,2817
Oromia,Arsi,Seru,2016,3200,2610,2000,2725,4206
Oromia,Arsi,Hitosa,2016,5360,2665,5240,6827,5342
Oromia,Asela Town,Asela Town,2016,1920,2300,1910,9550,6531
Oromia,Bale,Delo Mena,2016,12560,8930,13690,16399,9745
Oromia,Bale,Goro(b),2016,7280,5135,7410,10806,6948
Oromia,Bale,Agarfa,2016,7400,5215,7400,11368,6969
Oromia,Bale,Berbere,2016,6760,6400,8140,9091,8295
Oromia,Bale,Harena Buluk,2016,7900,5310,52640,11150,7060
Oromia,Bale,Guradamole,2016,2760,1975,3780,3774,2740
Oromia,Bale,Gasera,2016,4180,2320,4290,6888,3442
Oromia,Bale,Dinsho,2016,2220,1245,1770,3476,2489
Oromia,Bale,Sinana,2016,4380,3905,3760,8472,5052
Oromia,Batu Town,Batu Town,2016,5020,4020,8870,10331,6692
Oromia,Bishoftu Town,Bishoftu Town,2016,14560,15440,19940,26500,19590
Oromia,Borena,Dire,2016,3900,2335,3710,5636,3253
Oromia,Borena,Gomole,2016,3900,1880,4100,5050,3300
Oromia,Borena,Yabelo Town,2016,2800,1935,2150,4706,3334
Oromia,Borena,Dubuluk,2016,2640,2265,2260,3297,2515
Oromia,Borena,Dilo,2016,1940,1070,2090,2582,1721
Oromia,Borena,Yabelo,2016,3280,2165,1600,4267,3362
Oromia,Borena,Miyo,2016,4600,2275,5180,5802,3817
Oromia,Borena,Taltale,2016,4520,2325,4620,6064,4173
Oromia,Borena,Guchi,2016,1280,715,1250,1361,1302
Oromia,Borena,Elwaye,2016,2360,2655,2360,2245,2817
Oromia,Borena,Moyale,2016,5080,4305,810,4686,4470
Oromia,Bule Hora Town,Bule Hora Town,2016,31820,18530,159840,41538,19996
Oromia,Buno Bedele,Borecha,2016,6100,5955,15240,11744,6502
Oromia,Buno Bedele,Dabo Hana,2016,4180,4115,7050,6569,4465
Oromia,Buno Bedele,Gechi,2016,8360,4945,11480,10118,7011
Oromia,Buno Bedele,Meko,2016,3080,975,3650,3232,2282
Oromia,Buno Bedele,Chewaka,2016,6220,4600,50740,8622,5980
Oromia,Buno Bedele,Dedesa,2016,10680,8225,15220,10489,8208
Oromia,Buno Bedele,Bedele,2016,7680,6855,30010,8829,6900
Oromia,Buno Bedele,Chora,2016,10420,7790,13710,11530,8568
Oromia,Buno Bedele,Dega,2016,3720,2590,2570,3544,2710
Oromia,Buno Bedele,Bedele Town,2016,2160,1510,3100,2834,2154
Oromia,Dodola Town,Dodola Town,2016,17120,10935,20520,29700,15831
Oromia,East Bale,Ginnir Town,2016,4560,2915,5460,6975,3556
Oromia,East Bale,Dawe Serer,2016,3380,2480,2610,5286,3030
Oromia,East Bale,Gololcha,2016,8400,4810,13690,14430,9482
Oromia,East Bale,Dawe Kachen,2016,2320,2625,3290,4403,3358
Oromia,East Bale,Laga Hidha,2016,4820,3490,3710,8476,5423
Oromia,East Bale,Sewena,2016,6100,5890,6380,8094,6106
Oromia,East Bale,Rayitu,2016,2440,1555,1840,3680,2235
Oromia,East Bale,Ginnir,2016,8460,3905,8380,7270,6450
Oromia,East Borena,Gumi Eldalo,2016,2500,1650,4180,2690,3322
Oromia,East Borena,Das,2016,4420,1955,3570,3830,3314
Oromia,East Borena,Negele Borena Town,2016,3760,2090,3670,8081,4768
Oromia,East Borena,Mada Walabu,2016,8660,6520,9610,11046,7541
Oromia,East Borena,Liben,2016,5700,3005,3180,5174,4000
Oromia,East Borena,West Welabu,2016,2140,1740,3360,4486,2500
Oromia,East Borena,Arero,2016,3380,1060,1850,3106,2631
Oromia,East Borena,Wachile,2016,2260,600,1310,1416,1243
Oromia,East Borena,Goro Dola,2016,3880,2125,3340,4852,3986
Oromia,East Hararge,Haromaya,2016,13300,10190,24350,18603,12606
Oromia,East Hararge,Gursum,2016,11300,9295,22460,20787,11175
Oromia,East Hararge,Jarso,2016,11060,8490,20970,16860,10542
Oromia,East Hararge,Gola Oda,2016,7600,5945,12530,13143,7611
Oromia,East Hararge,Kersa,2016,15020,9750,21710,23950,16687
Oromia,East Hararge,Kurfa Chale,2016,4740,3615,8540,7768,5113
Oromia,East Hararge,Fedis,2016,9580,7305,18000,16821,10646
Oromia,East Hararge,Chinaksen,2016,7040,5295,13250,12310,7267
Oromia,East Hararge,Bedeno,2016,18620,16255,35340,30172,20786
Oromia,East Hararge,Girawa,2016,18220,14675,35950,31256,19444
Oromia,East Hararge,Meta,2016,17000,10555,24120,21705,16642
Oromia,East Hararge,Meye Muluke,2016,4400,3335,8290,8078,4375
Oromia,East Hararge,Babile,2016,6740,5200,12020,8665,6006
Oromia,East Hararge,Melka Bello,2016,12200,11895,24090,22101,14129
Oromia,East Hararge,Midaga Tola,2016,6300,5070,11420,9607,5874
Oromia,East Hararge,Goro Gutu,2016,12780,10420,25060,14789,10217
Oromia,East Hararge,Deder,2016,15380,13300,30670,23434,17582
Oromia,East Hararge,Babile Town,2016,1580,1310,2790,3036,1993
Oromia,East Hararge,Kumbi,2016,2280,1575,3910,3282,2278
Oromia,East Hararge,Goro Muti,2016,5700,4660,8430,6873,5805
Oromia,East Hararge,Kombolcha,2016,10620,7335,13910,12870,10285
Oromia,East Hararge,Mekanisa Oromo,2016,500,415,690,752,501
Oromia,East Shewa,Adama,2016,10440,6275,12120,18862,11092
Oromia,East Shewa,Lume,2016,8200,5235,8380,15493,8802
Oromia,East Shewa,Dugda,2016,13000,8075,46960,22903,13919
Oromia,East Shewa,Adaa,2016,3900,3740,6420,6114,4570
Oromia,East Shewa,Akaki,2016,1660,1040,1800,1515,1081
Oromia,East Shewa,Adami Tulu Jido Kombolcha,2016,12380,6465,9410,11307,8262
Oromia,East Shewa,Fentale,2016,4760,4130,4060,7241,5500
Oromia,East Shewa,Boset,2016,5180,3625,4930,8488,6247
Oromia,East Shewa,Bora,2016,2460,995,2010,3765,2678
Oromia,East Shewa,Gimbichu,2016,5520,2495,4450,4081,3121
Oromia,East Shewa,Liben,2016,2740,2575,1910,3872,2570
Oromia,East Wellega,Ebantu,2016,4800,5680,7870,8664,5917
Oromia,East Wellega,Nunu Kumba,2016,5980,5465,8600,8651,5560
Oromia,East Wellega,Kiramu,2016,7700,5345,19790,8282,4463
Oromia,East Wellega,Wama Hagalo,2016,5000,4070,8010,7686,5765
Oromia,East Wellega,Sibu Sire,2016,7800,6650,26460,14663,10479
Oromia,East Wellega,Haro Limu,2016,3600,3945,19870,7438,4943
Oromia,East Wellega,Sasiga,2016,5400,6860,12640,10329,7044
Oromia,East Wellega,Jima Arjo,2016,5360,6345,12540,8999,7469
Oromia,East Wellega,Wayu Tuqa,2016,4700,3610,40640,7502,4833
Oromia,East Wellega,Gida Ayana,2016,12700,10470,87190,12901,10876
Oromia,East Wellega,Boneya Boshe,2016,8680,10040,6510,5714,5175
Oromia,East Wellega,Gudeya Bila,2016,3840,2385,19010,5250,3566
Oromia,East Wellega,Gobu Seyo,2016,2000,2035,4110,2913,1897
Oromia,East Wellega,Limu,2016,5400,6070,28690,8049,7591
Oromia,East Wellega,Guto Gida,2016,6360,4155,9170,7311,3544
Oromia,East Wellega,Diga,2016,2100,3475,5440,4895,3668
Oromia,East Wellega,Leka Dulecha,2016,4600,7190,46240,4645,3337
Oromia,Guji,Wadara,2016,3780,3550,3570,5600,4171
Oromia,Guji,Girja,2016,5900,3160,9560,8296,5111
Oromia,Guji,Saba Boru,2016,4940,2590,2730,7034,3700
Oromia,Guji,Aga Wayu,2016,3700,1975,3730,5460,2627
Oromia,Guji,Uraga,2016,14040,8695,15820,18065,13870
Oromia,Guji,Dama,2016,6260,4045,6230,7767,5494
Oromia,Guji,Haro Wolabu,2016,5580,3475,6590,8754,6463
Oromia,Guji,Ana Sora,2016,5680,3310,4200,8161,4611
Oromia,Guji,Adola Town,2016,4620,3115,4110,7203,4725
Oromia,Guji,Arda Jila Me`e Boko,2016,3040,1710,3810,3980,1947
Oromia,Guji,Odo Shakiso,2016,10540,5680,11570,13568,8637
Oromia,Guji,Adola Rede,2016,12620,6915,11270,15255,9944
Oromia,Guji,Bore,2016,10460,5220,9830,11374,8474
Oromia,Holeta Town,Holeta Town,2016,7380,4295,5570,10548,6303
Oromia,Horo Guduru Wollega,Shambu Town,2016,9100,5145,9590,10581,8426
Oromia,Horo Guduru Wollega,Amuru,2016,4000,5175,7250,7514,3842
Oromia,Horo Guduru Wollega,Abay Chomen,2016,6340,5350,6360,5464,3311
Oromia,Horo Guduru Wollega,Chomen Guduru,2016,2540,1805,3620,3509,2511
Oromia,Horo Guduru Wollega,Abe Dengoro,2016,4000,5250,8550,8931,5907
Oromia,Horo Guduru Wollega,Hababo Guduru,2016,2700,1375,4200,4163,2743
Oromia,Horo Guduru Wollega,Jardga Jarte,2016,3040,1995,4880,3813,3151
Oromia,Horo Guduru Wollega,Jimma Rare,2016,3840,3150,6080,4000,3754
Oromia,Horo Guduru Wollega,Horo Bulluk,2016,1800,1865,4920,2387,2084
Oromia,Horo Guduru Wollega,Jimma Geneti,2016,5300,2605,5770,3620,3312
Oromia,Horo Guduru Wollega,Horo,2016,1600,1635,1980,1710,1505
Oromia,Horo Guduru Wollega,Guduru,2016,1600,2625,4860,3618,3096
Oromia,Ilu Aba Bora,Sale Nono,2016,4180,2880,2810,3900,2288
Oromia,Ilu Aba Bora,Doreni,2016,3920,2100,3710,3298,2584
Oromia,Ilu Aba Bora,Halu,2016,2140,1550,1670,1848,1640
Oromia,Ilu Aba Bora,Ale,2016,4900,2135,3570,4830,3130
Oromia,Ilu Aba Bora,Hurumu,2016,3420,2485,2780,3659,2605
Oromia,Ilu Aba Bora,Didu,2016,2980,2060,2810,3345,2277
Oromia,Ilu Aba Bora,Yayo,2016,6680,4830,7960,5980,5115
Oromia,Ilu Aba Bora,Bilo Nopha,2016,2440,2135,1810,2546,2091
Oromia,Ilu Aba Bora,Bure,2016,6820,3685,4780,5318,4170
Oromia,Ilu Aba Bora,Darimu,2016,16140,8950,18840,18859,13628
Oromia,Ilu Aba Bora,Alge Sachi,2016,7340,5120,7370,8779,5835
Oromia,Ilu Aba Bora,Becho,2016,3600,3420,3380,3615,3171
Oromia,Jimma,Dedo,2016,25680,21400,40810,39034,27635
Oromia,Jimma,Nono Benja,2016,8780,5805,25680,9975,7316
Oromia,Jimma,Chora Botor,2016,9320,7260,10060,9628,6288
Oromia,Jimma,Gomma,2016,24800,16740,39400,35463,23199
Oromia,Jimma,Setema,2016,11920,8885,20670,16821,10550
Oromia,Jimma,Gera,2016,11920,7320,19240,17190,11242
Oromia,Jimma,Sokoru,2016,12000,9865,17220,19047,11580
Oromia,Jimma,Omo Nada,2016,18800,12450,24290,27410,17216
Oromia,Jimma,Mana,2016,16440,11015,20840,20907,12668
Oromia,Jimma,Seka Chekorsa,2016,21760,17295,37540,30222,19286
Oromia,Jimma,Sigmo,2016,9060,6275,15000,13399,7742
Oromia,Jimma,Limu Kosa,2016,15160,12095,22310,20463,13784
Oromia,Jimma,Tiro Afeta,2016,12320,7775,15050,17346,10407
Oromia,Jimma,Botor Tolay,2016,5700,3560,7210,8252,4998
Oromia,Jimma,Kersa,2016,13660,10665,22690,20282,12136
Oromia,Jimma,Omo Beyem,2016,8140,5065,12350,11481,7756
Oromia,Jimma,Shabe Sombo,2016,8320,6705,14430,11981,8093
Oromia,Jimma,Gumay,2016,6060,3625,6550,6342,4090
Oromia,Jimma,Limu Seka,2016,4680,3475,4130,5423,3377
Oromia,Jimma Town,Jimma Town,2016,23120,12720,22460,29428,20768
Oromia,Kelem Wellega,Dambi Dollo,2016,8900,5910,9680,10369,6460
Oromia,Kelem Wellega,Gidami,2016,7100,5490,11020,13268,9664
Oromia,Kelem Wellega,Sadi Chanka,2016,4300,2035,5470,4693,3429
Oromia,Kelem Wellega,Gawo Kebe,2016,4700,4995,6160,8384,6235
Oromia,Kelem Wellega,Lalo Kile,2016,3800,1725,3190,4020,2937
Oromia,Kelem Wellega,Yemalogi Welel,2016,4600,2595,26340,4109,4086
Oromia,Kelem Wellega,Hawa Gelan,2016,5500,4740,68270,8235,6319
Oromia,Kelem Wellega,Dale Sadi,2016,4200,3855,6090,5611,4952
Oromia,Kelem Wellega,Seyo,2016,5200,5050,11520,7961,5141
Oromia,Kelem Wellega,Anfilo,2016,4500,3545,6570,4489,3836
Oromia,Kelem Wellega,Dale Wabera,2016,4800,2230,5250,4552,3565
Oromia,Kelem Wellega,Jimma Horo,2016,3600,2220,5240,2007,2434
Oromia,Maya Town,Maya Town,2016,5980,4815,11450,9407,6426
Oromia,Metu Town,Metu Town,2016,9200,4815,6050,10099,7429
Oromia,Nedjo Town,Nedjo Town,2016,2560,1640,2090,3709,2310
Oromia,Nekemte Town,Nekemte Town,2016,16060,18455,24200,29359,21762
Oromia,North Shewa,Kimbibit,2016,8100,4065,6450,8994,7026
Oromia,North Shewa,Abichu Gnea,2016,6220,3215,5120,9515,6840
Oromia,North Shewa,Jida,2016,3880,2405,1850,5887,3938
Oromia,North Shewa,Wuchale,2016,7000,6075,8980,10588,7840
Oromia,North Shewa,Debre Libanos,2016,3360,1825,1300,3869,2407
Oromia,North Shewa,Fitche Town,2016,4420,2310,4670,5348,4244
Oromia,North Shewa,Berek,2016,2600,1435,1610,3658,2344
Oromia,North Shewa,Sululta,2016,6180,6415,6930,10366,6919
Oromia,North Shewa,Yaya Gulele,2016,4100,1640,710,4183,3268
Oromia,North Shewa,Mulo,2016,2140,1330,2210,3079,2341
Oromia,North Shewa,Kuyu,2016,7500,5045,7400,10048,6938
Oromia,North Shewa,Aleltu,2016,3460,1960,2670,3582,2896
Oromia,North Shewa,Hidabu Abote,2016,4460,2290,100,5818,4140
Oromia,North Shewa,Girar Jarso,2016,2940,1570,3900,4354,3040
Oromia,North Shewa,Degem,2016,5260,2000,1740,4569,3633
Oromia,North Shewa,Derra,2016,4880,2935,8140,7976,5278
Oromia,North Shewa,Were Jarso,2016,6100,2460,5910,4042,4144
Oromia,Robe Town,Robe Town,2016,14780,12310,16230,23934,13579
Oromia,Sendafa Bake Town,Sendafa Bake Town,2016,2280,2645,5950,7608,5113
Oromia,Shakiso Town,Shakiso Town,2016,4500,2545,2670,7623,5200
Oromia,Shashemene Town1,Shashemene Town1,2016,36360,24425,43250,60387,34981
Oromia,Sheger City,Sabata Sub-City,2016,13120,8780,17940,27266,17034
Oromia,Sheger City,Galan Sub City,2016,3560,3930,5810,8459,5034
Oromia,Sheger City,Sululta Sub-City,2016,4160,2070,880,9465,6559
Oromia,Sheger City,Koye Feche Sub City,2016,4780,4220,6440,12565,7450
Oromia,Sheger City,Laga Tafo Laga Dadhi Sub City,2016,3140,2700,2270,7878,4961
Oromia,Sheger City,Burayu Sub City,2016,15060,8725,17340,27944,30918
Oromia,Sheger City,Kura Jida Sub City,2016,3900,2050,1540,5149,3309
Oromia,Sheger City,Malka Nono Sub City,2016,2440,1635,3510,6571,4544
Oromia,Sheger City,Mana Abichu Sub City,2016,3640,2570,2210,3248,2250
Oromia,Sheger City,Furi Sub City,2016,3760,3255,6850,10052,6518
Oromia,South West Shewa,Tole,2016,8520,3930,5760,7962,4632
Oromia,South West Shewa,Ilu,2016,2940,1255,950,5193,3024
Oromia,South West Shewa,Becho,2016,6740,3225,3960,7769,4043
Oromia,South West Shewa,Dawo,2016,5240,2825,3470,7361,5084
Oromia,South West Shewa,Sebeta Hawas,2016,3700,2025,2450,5546,3551
Oromia,South West Shewa,Sodo Dachi,2016,2720,1275,1050,3053,2073
Oromia,South West Shewa,Goro,2016,2940,1550,3710,3728,2442
Oromia,South West Shewa,Saden Sodo,2016,5020,2325,3020,5911,3459
Oromia,South West Shewa,Woliso,2016,8180,4840,7730,10957,5674
Oromia,South West Shewa,Wonchi,2016,5260,2435,1510,6013,3612
Oromia,South West Shewa,Kersa Mamila,2016,2940,1595,960,4988,2942
Oromia,South West Shewa,Amaya,2016,4680,2010,2190,5098,4141
Oromia,West Arsi,Arsi Negele Town,2016,17600,7265,17390,24221,22527
Oromia,West Arsi,Gedeb Hasasa,2016,16780,7540,114720,21680,11818
Oromia,West Arsi,Kofele,2016,15960,6515,10870,19248,12482
Oromia,West Arsi,Shala,2016,13700,6215,9150,15212,10409
Oromia,West Arsi,Kore,2016,9640,5615,9110,13549,8388
Oromia,West Arsi,Adaba,2016,10780,5735,88580,16193,10570
Oromia,West Arsi,Kokosa,2016,12720,9930,12780,16453,10242
Oromia,West Arsi,Siraro,2016,11880,7570,76770,14816,10586
Oromia,West Arsi,Wondo,2016,5280,2730,5400,6511,2813
Oromia,West Arsi,Nansebo,2016,14280,14840,14490,11286,9208
Oromia,West Arsi,Heben Arsi,2016,2720,1515,3070,3836,2532
Oromia,West Arsi,Arsi Negele Rural,2016,2180,810,1850,3230,1365
Oromia,West Guji,Suro Barguda,2016,3740,2150,35190,6531,3605
Oromia,West Guji,Gelana,2016,6280,5475,45210,9805,6593
Oromia,West Guji,Kercha,2016,7920,2920,7300,12210,5573
Oromia,West Guji,Hambela Wamena,2016,10640,5740,69430,13012,8650
Oromia,West Guji,Abaya,2016,5280,4940,60030,9127,5577
Oromia,West Guji,Birbirsa Kojowa,2016,2920,1515,3410,4226,2873
Oromia,West Guji,Dugda Dawa,2016,4220,4660,48040,5997,4467
Oromia,West Guji,Kercha Town,2016,1100,840,2130,2198,1348
Oromia,West Guji,Melka Soda,2016,2120,1680,2100,2822,1580
Oromia,West Guji,Bule Hora,2016,3620,2135,4010,6372,3226
Oromia,West Hararge,Chiro Town,2016,35660,30235,55110,46630,30464
Oromia,West Hararge,Anchar,2016,7160,7370,17150,12820,8326
Oromia,West Hararge,Gumbi Bordode,2016,7000,6330,12880,11687,7515
Oromia,West Hararge,Burka Dhintu,2016,5940,5100,10230,10571,5789
Oromia,West Hararge,Daro Lebu,2016,12960,12370,22900,21964,14143
Oromia,West Hararge,Oda Bultum,2016,13960,13995,30330,24310,14696
Oromia,West Hararge,Mesela,2016,12960,12580,23560,23199,14219
Oromia,West Hararge,Hawi Gudina,2016,6660,5930,11890,11811,8001
Oromia,West Hararge,Guba Qoricha,2016,7960,7495,17200,14572,9967
Oromia,West Hararge,Gemechis,2016,15660,14000,31510,26516,15210
Oromia,West Hararge,Tulo,2016,14760,12610,25260,23390,13449
Oromia,West Hararge,Boke,2016,10420,9550,21450,16707,11476
Oromia,West Hararge,Habro,2016,16540,16130,36100,28991,17511
Oromia,West Hararge,Doba,2016,11940,11610,22120,19675,12222
Oromia,West Hararge,Mieso,2016,10340,8210,19080,14956,10080
Oromia,West Hararge,Bedesa,2016,2980,2425,4220,4555,3103
Oromia,West Shewa,Ilu Galan,2016,8600,4690,9690,11941,8548
Oromia,West Shewa,Walmara,2016,9900,5525,10310,12756,8517
Oromia,West Shewa,Ejersa Lafo,2016,12920,5795,11230,12390,8570
Oromia,West Shewa,Elfata,2016,4820,2450,6840,7084,3826
Oromia,West Shewa,Bako Tibe,2016,13100,9380,27800,19011,12631
Oromia,West Shewa,Dendi,2016,11660,5525,9460,15286,9120
Oromia,West Shewa,Jibat,2016,6660,3380,40670,5723,7404
Oromia,West Shewa,Mida Kegni,2016,5900,4425,54290,7978,5204
Oromia,West Shewa,Nonoo,2016,7520,3575,9280,8002,4718
Oromia,West Shewa,Meta Robi,2016,6780,3160,6020,8274,5368
Oromia,West Shewa,Gindebert,2016,9220,4465,7140,10370,6923
Oromia,West Shewa,Ada Berga,2016,8420,5475,75110,11599,8822
Oromia,West Shewa,Jeldu,2016,8680,4220,93490,12526,7051
Oromia,West Shewa,Dire Enchini,2016,6500,3800,10960,6321,4601
Oromia,West Shewa,Liban Jawi,2016,4560,3185,8140,5043,5194
Oromia,West Shewa,Toke Kutaye,2016,5940,4065,6910,7490,5499
Oromia,West Shewa,Chobi,2016,1920,1120,2710,2741,1569
Oromia,West Shewa,Chelia,2016,4960,4285,7680,5142,4268
Oromia,West Shewa,Dano,2016,5940,4700,9340,7263,4881
Oromia,West Shewa,Abuna Gindeberet,2016,5640,3465,7790,4038,4746
Oromia,West Shewa,Ejere,2016,2780,1280,1900,3168,1803
Oromia,West Shewa,Ambo,2016,860,1165,7387,2785,1680
Oromia,West Shewa,Meta Welkite,2016,3640,1640,4690,987,1115
Oromia,West Wollega,Gimbi Town,2016,24780,22070,35200,28213,16713
Oromia,West Wollega,Qondala,2016,11040,5690,9370,13500,9942
Oromia,West Wollega,Gimbi Rural,2016,2000,19260,64970,7704,9631
Oromia,West Wollega,Lalo Asabi,2016,3800,5075,8010,7230,6374
Oromia,West Wollega,Seyo Nole,2016,2400,1700,900,4950,2900
Oromia,West Wollega,Kiltu Kara,2016,3200,2400,4400,5150,3075
Oromia,West Wollega,Mene Sibu,2016,7500,4625,5760,11702,7779
Oromia,West Wollega,Babo Gembel,2016,4360,3280,2450,5346,4600
Oromia,West Wollega,Begi,2016,8040,5855,10930,12832,9522
Oromia,West Wollega,Yubdo,2016,1800,2235,3590,2609,1788
Oromia,West Wollega,Nole Kaba,2016,2300,1125,2250,2825,2310
Oromia,West Wollega,Boji Choqorsa,2016,3000,2275,2350,2535,2200
Oromia,West Wollega,Ayira,2016,2440,3060,3840,3458,2129
Oromia,West Wollega,Ganji,2016,3100,3175,3300,5800,3925
Oromia,West Wollega,Haru,2016,1300,750,1750,3225,1425
Oromia,West Wollega,Boji Dirmeji,2016,1700,1570,880,1843,1350
Oromia,West Wollega,Guliso,2016,2400,3585,5850,3520,3917
Oromia,West Wollega,Leta Sibu,2016,1500,975,900,1500,1200
Oromia,West Wollega,Jarso,2016,800,400,400,1300,850
Oromia,West Wollega,Homa,2016,700,600,900,900,600
Oromia,West Wollega,Nedjo Rural,2016,1500,600,1150,1390,1100
Oromia,Woliso Town,Woliso Town,2016,6840,3460,4780,10366,6682
Sidama,southern,Aleta Chuko Town,2016,1740,1360,3990,3900,2225
Sidama,southern,Aleta Chuko,2016,10160,3215,7670,10001,6183
Sidama,southern,Aleta Wondo Town,2016,2760,965,1830,3770,1945
Sidama,southern,Aleta Wondo,2016,7440,5295,79730,11966,8550
Sidama,Centeral,Arbegona,2016,7620,5185,11190,8513,5547
Sidama,Easter,Aroressa,2016,5660,3145,5990,8635,4856
Sidama,Easter,Bensa,2016,8620,4715,81180,10673,5438
Sidama,Northern,Bilate Zuria,2016,5220,3220,5540,6344,4725
Sidama,Easter,Bona Zuria,2016,7580,3815,8540,8549,6088
Sidama,Northern,Borricha,2016,4640,2015,13300,4646,3175
Sidama,Easter,Bura,2016,2800,1680,2260,2589,1461
Sidama,southern,Bursa,2016,3240,1745,3630,3092,2110
Sidama,Easter,Chabe Gambeltu,2016,2200,1650,4800,4084,2391
Sidama,Easter,Chire,2016,4500,3935,4010,8720,4130
Sidama,southern,Chirone,2016,1960,815,2670,2469,1728
Sidama,Easter,Daela,2016,1840,800,1400,2000,1300
Sidama,Centeral,Dale,2016,10000,5995,9790,12637,7638
Sidama,southern,Dara Otilcho,2016,3500,1765,2630,4169,3058
Sidama,southern,Dara,2016,6020,3615,7740,7850,4620
Sidama,Centeral,Darara,2016,4240,2515,3690,5619,3639
Sidama,Easter,Daya Town,2016,2220,840,1550,3510,2370
Sidama,Northern,Gorche,2016,6860,4525,58110,8519,6195
Sidama,Hawassa city administration,Hawassa Town,2016,69800,36675,219850,97932,42031
Sidama,Northern,Hawassa Zuriya,2016,69800,36675,219850,97932,42031
Sidama,Northern,Hawella,2016,8520,5250,70230,10378,6714
Sidama,Easter,Hoko,2016,4700,2735,3880,3935,2971
Sidama,southern,Hulla,2016,2400,1315,51540,6323,3220
Sidama,Northern,Leku Town,2016,4560,2480,6710,7408,4284
Sidama,Centeral,Loka Abaya,2016,1620,1875,3240,3390,2850
Sidama,Northern,Melga,2016,6120,2845,6200,6606,4127
Sidama,Centeral,Shafamo,2016,6020,3680,63650,6972,4412
Sidama,Northern,Shebedino,2016,4460,3375,3760,3596,2160
Sidama,southern,Teticha,2016,7780,4690,7060,9642,6101
Sidama,Hawassa city administration,Tula,2016,3120,2730,3330,3379,2752
Sidama,Centeral,Wensho,2016,3220,3155,50920,5038,3152
Sidama,Northern,Wondogenet Town,2016,2840,3225,57540,5400,3600
Sidama,Northern,Wondogenet,2016,4640,2890,4860,6473,4712
Sidama,Centeral,Yirgalem Town,2016,3980,1905,3710,6111,3406
South Ethiopia,Ale,Ale,2016,5060,5340,25620,10370,8426
South Ethiopia,Ari,Baka Dawula,2016,2760,1805,4550,3362,3025
South Ethiopia,Ari,Jinka Town,2016,8700,4385,8830,5267,5300
South Ethiopia,Ari,North Ari,2016,560,975,2000,2411,3113
South Ethiopia,Ari,South Ari,2016,8940,7795,22760,12036,10369
South Ethiopia,Basketo,Basketo,2016,3540,3425,4120,4491,3920
South Ethiopia,Burji,BurjI,2016,5360,4500,9800,7726,6377
South Ethiopia,Gamo,Arbaminch Town,2016,14680,10610,27480,18475,14702
South Ethiopia,Gamo,Arbaminch Zuria,2016,4920,3760,6680,7941,5878
South Ethiopia,Gamo,Bonke,2016,5020,3900,9670,7869,6326
South Ethiopia,Gamo,Boreda,2016,4240,4200,7820,8188,6223
South Ethiopia,Gamo,Chencha,2016,5280,4425,8570,10702,7977
South Ethiopia,Gamo,Deramalo,2016,7620,4415,13270,9349,8267
South Ethiopia,Gamo,Dita,2016,5660,4385,9360,10927,8196
South Ethiopia,Gamo,Gacho Baba,2016,3720,3540,8230,8087,6551
South Ethiopia,Gamo,Garda Marta,2016,2940,2085,5000,4946,3894
South Ethiopia,Gamo,Gerese Town,2016,6960,4085,13180,9655,7703
South Ethiopia,Gamo,Kemba Town,2016,1240,720,2980,2174,1832
South Ethiopia,Gamo,Kemba Zuria,2016,7780,4860,64160,11861,8664
South Ethiopia,Gamo,Kogota,2016,2380,1485,3550,3788,2851
South Ethiopia,Gamo,Kucha,2016,10320,7545,12850,12511,10979
South Ethiopia,Gamo,Merab Abaya,2016,4100,3650,8240,8544,6651
South Ethiopia,Gamo,Selam Ber Town,2016,1540,845,1920,2413,1959
South Ethiopia,Gardula,Derashe,2016,5040,4230,8920,8621,7043
South Ethiopia,Gardula,Gidole Town,2016,3260,2205,4130,4210,3246
South Ethiopia,Gedeo,Bule,2016,9460,5080,6730,9887,7996
South Ethiopia,Gedeo,Dilla Town,2016,10660,6960,10600,16207,10907
South Ethiopia,Gedeo,Dilla Zuria,2016,1300,365,380,664,585
South Ethiopia,Gedeo,Gedeb,2016,15820,8435,10450,18630,12911
South Ethiopia,Gedeo,Kochire,2016,11720,4415,6880,10661,6718
South Ethiopia,Gedeo,Wenago,2016,7260,5425,6720,8862,7142
South Ethiopia,Gedeo,Yirgachefe,2016,1120,810,870,1175,417
South Ethiopia,Gedeo,Yirgachefe Town,2016,13580,7815,11870,21789,12723
South Ethiopia,Gofa,Beto Town,2016,1220,745,1720,2263,1676
South Ethiopia,Gofa,Buliki Town,2016,640,520,310,1005,631
South Ethiopia,Gofa,Demba Gofa,2016,4380,3935,46420,5978,5253
South Ethiopia,Gofa,Geze Gofa,2016,2700,2555,5920,4357,4059
South Ethiopia,Gofa,Melekoza,2016,5560,4455,8240,12477,9503
South Ethiopia,Gofa,Melo Gada,2016,2280,1200,4250,3944,2290
South Ethiopia,Gofa,Oyda,2016,1880,1625,4150,4140,2973
South Ethiopia,Gofa,Sawla Town,2016,6480,4805,7250,4703,3863
South Ethiopia,Gofa,Uba Debre Tsehay,2016,4340,2980,9450,7268,5338
South Ethiopia,Gofa,Zala,2016,3440,2955,9580,8947,6653
South Ethiopia,Konso,Konso,2016,17500,13585,28620,31580,24772
South Ethiopia,Koore,Gorka,2016,12680,18585,21460,16792,14713
South Ethiopia,South Omo,Bena Tsemay,2016,4800,4380,25610,9459,7135
South Ethiopia,South Omo,Dasenech,2016,3420,3845,14130,5924,5515
South Ethiopia,South Omo,Hamer,2016,4620,3765,9570,6867,5222
South Ethiopia,South Omo,Male,2016,7960,8000,17450,13418,12240
South Ethiopia,South Omo,Nyangatom,2016,1280,1250,2630,2426,1957
South Ethiopia,South Omo,Salamago,2016,2900,2190,19670,3092,3509
South Ethiopia,Wolaita,Abala Abaya,2016,1720,2015,4090,3746,3335
South Ethiopia,Wolaita,Areka Town,2016,1020,540,950,1130,825
South Ethiopia,Wolaita,Bayra Koysha,2016,1280,1000,1830,1998,1883
South Ethiopia,Wolaita,Boloso Bonibe,2016,5240,3135,14700,5705,4781
South Ethiopia,Wolaita,Boloso Sore,2016,13520,6465,11510,12640,7207
South Ethiopia,Wolaita,Damot Gale,2016,11360,7520,10370,8723,10325
South Ethiopia,Wolaita,Damot Pulasa,2016,5740,2620,6580,6995,5027
South Ethiopia,Wolaita,Damot Sore,2016,5520,2770,8330,6236,5617
South Ethiopia,Wolaita,Damot Woyide,2016,4560,4460,3720,4777,3812
South Ethiopia,Wolaita,Deguna Fanigo,2016,6920,4160,7540,8334,5351
South Ethiopia,Wolaita,Gesuba Town,2016,2060,1110,2780,2556,1378
Southwest Ethiopia,Bench Sheko,Gura Ferda,2016,8740,3475,25020,4368,3388
Southwest Ethiopia,Bench Sheko,Mizan Aman Town,2016,10480,8315,40890,11772,7616
Southwest Ethiopia,Bench Sheko,North Bench,2016,8360,7220,21500,10589,7858
Southwest Ethiopia,Bench Sheko,Sheko,2016,6240,3730,7470,5223,5587
Southwest Ethiopia,Bench Sheko,Shey Bench,2016,13200,4060,25660,10270,8850
Southwest Ethiopia,Bench Sheko,Siz Town,2016,580,420,5900,640,720
Southwest Ethiopia,Bench Sheko,South Bench,2016,7140,8260,68190,9950,9835
Southwest Ethiopia,Dawro,Disa,2016,19320,17220,5780,5410,2625
Southwest Ethiopia,Dawro,Gena Bosa,2016,16680,13080,7460,3719,1379
Southwest Ethiopia,Dawro,Isara,2016,34560,25080,7720,5130,2356
Southwest Ethiopia,Dawro,Kechi,2016,9840,9990,3900,2591,1428
Southwest Ethiopia,Dawro,Loma Bosa,2016,38760,51720,9320,11795,5073
Southwest Ethiopia,Dawro,Mareka,2016,20280,20310,6900,5548,2853
Southwest Ethiopia,Dawro,Mari mansa,2016,28200,22920,5840,6420,3590
Southwest Ethiopia,Dawro,Tarcha zuriya,2016,19080,43890,6530,3390,5615
Southwest Ethiopia,Dawro,Tercha Town,2016,49920,11940,2720,4065,1545
Southwest Ethiopia,Dawro,Tocha,2016,17160,21210,3670,5836,3296
Southwest Ethiopia,Dawro,Zaba Gazo,2016,15960,34620,2950,6700,3257
Southwest Ethiopia,Kaffa,Adiyo,2016,8140,5415,18350,12901,12873
Southwest Ethiopia,Kaffa,Bita,2016,5460,3925,9160,6862,5980
Southwest Ethiopia,Kaffa,Bonga Town,2016,5600,4700,11400,11703,5673
Southwest Ethiopia,Kaffa,Chena,2016,7760,6620,43490,9291,6848
Southwest Ethiopia,Kaffa,Cheta,2016,2640,2780,4360,3713,3309
Southwest Ethiopia,Kaffa,Decha,2016,5580,3735,8320,5315,5839
Southwest Ethiopia,Kaffa,Gesha,2016,8780,7350,12720,7929,8432
Southwest Ethiopia,Kaffa,Gewata,2016,7380,6325,20570,5346,8047
Southwest Ethiopia,Kaffa,Gimbo,2016,10000,5355,12470,9472,8108
Southwest Ethiopia,Kaffa,Goba,2016,2920,2795,5380,2811,3099
Southwest Ethiopia,Kaffa,Saylem,2016,4060,2355,3920,2590,2610
Southwest Ethiopia,Kaffa,Shishoinde,2016,5400,3520,10120,6075,5191
Southwest Ethiopia,Kaffa,Tello,2016,8680,5455,8370,7870,6898
Southwest Ethiopia,Konta,Konta,2016,11160,10200,37830,8760,9137
Southwest Ethiopia,Sheka,Anderacha,2016,3300,2390,15400,3478,3793
Southwest Ethiopia,Sheka,Masha,2016,5120,4190,7230,4275,3767
Southwest Ethiopia,Sheka,Teppi Town,2016,200,100,100,200,40
Southwest Ethiopia,Sheka,Yeki,2016,10120,7145,19260,8827,8542
Southwest Ethiopia,West Omo,Bero,2016,3740,2060,9580,3256,1980
Southwest Ethiopia,West Omo,Gachit,2016,2680,2770,14660,2700,2200
Southwest Ethiopia,West Omo,Maji,2016,7640,3535,7330,4030,3326
Southwest Ethiopia,West Omo,Menit Goldia,2016,9960,8080,53850,10348,8852
Southwest Ethiopia,West Omo,Menit Shasha,2016,9960,6310,28310,8150,7187
Southwest Ethiopia,West Omo,Suri,2016,2280,1645,15680,1959,1624
Somali,Afdere,Barrey,2016,4040,3870,5580,2496,3350
Somali,Afdere,Chereti,2016,2580,6325,6050,4890,3460
Somali,Afdere,Dolo Bay,2016,2960,2535,3410,3750,2060
Somali,Afdere,Elkeri,2016,3400,1570,5250,4400,3350
Somali,Afdere,Godgod,2016,640,480,700,678,660
Somali,Afdere,Hargele,2016,2780,1190,3700,2920,1860
Somali,Afdere,Kohle,2016,2480,2100,2410,2221,1150
Somali,Afdere,Raso,2016,3480,3000,4170,5236,2560
Somali,Afdere,West Emay,2016,2000,1020,2060,3011,1450
Somali,Dawa,Hudet,2016,4820,3215,3680,4484,3800
Somali,Dawa,Moyale,2016,9900,8790,19800,1683,1741
Somali,Dawa,Mubarek,2016,4920,2645,5230,16276,7840
Somali,Dawa,Qedaduma,2016,5060,1110,2650,6572,3400
Somali,Dollo,Danot,2016,1880,1010,47160,7623,981
Somali,Dollo,Daratole,2016,1160,800,22720,2688,1635
Somali,Dollo,Galadi,2016,2900,2500,1300,1692,850
Somali,Dollo,Galhamur,2016,2580,1600,4550,4408,3000
Somali,Dollo,Lahel Yucub,2016,1760,1100,3050,2016,1900
Somali,Dollo,Warder,2016,9700,5650,2900,934,746
Somali,Erer,Fik,2016,4560,920,13900,8709,5385
Somali,Erer,Hamero,2016,3300,3595,2520,4247,2995
Somali,Erer,Lagahida,2016,1900,3120,10820,2553,1362
Somali,Erer,Mayumuluke,2016,860,1290,7230,1543,1487
Somali,Erer,Qubi,2016,2640,865,3810,4545,2742
Somali,Erer,Salahad,2016,1680,2290,1970,2379,1712
Somali,Erer,Yahob,2016,1060,1435,6130,1656,1831
Somali,Fafan,Awbara,2016,27220,1005,3860,1979,1373
Somali,Fafan,Babile,2016,3500,20150,2740,35378,22942
Somali,Fafan,Goljano,2016,2820,4050,52160,11843,7990
Somali,Fafan,Gursum,2016,8300,2680,10670,2915,2661
Somali,Fafan,Harewo,2016,7240,4620,6560,8174,5590
Somali,Fafan,Haroreys,2016,1640,4360,10890,8753,5639
Somali,Fafan,Harshin,2016,2300,1745,9600,4271,2972
Somali,Fafan,Jijiga City,2016,8420,3330,4760,9610,6673
Somali,Fafan,Kabribayah,2016,16500,5125,9290,39906,25495
Somali,Fafan,Mullu,2016,1500,10995,7110,17035,11540
Somali,Fafan,Qoraan,2016,1740,810,30750,4235,3124
Somali,Fafan,Shebele,2016,6960,1165,1850,10014,13077
Somali,Fafan,Tuliguled,2016,4400,5315,2660,9905,6716
Somali,Jarar,Ararso,2016,2580,3760,14050,2050,1379
Somali,Jarar,Aware,2016,1640,2215,9390,5021,3360
Somali,Jarar,Bilebur,2016,1580,1465,5610,1825,1721
Somali,Jarar,Birkod,2016,2300,1330,3760,2071,1462
Somali,Jarar,Daror,2016,3380,1890,3240,2535,1640
Somali,Jarar,Degahbur,2016,2580,2920,5490,5319,3307
Somali,Jarar,Degahbur City,2016,1960,1655,6200,2825,1870
Somali,Jarar,Degahmado,2016,3000,1435,4300,7716,3878
Somali,Jarar,Dig,2016,2440,2940,4680,4104,2422
Somali,Jarar,Gashamo,2016,6220,1750,7930,2999,2001
Somali,Jarar,Gunagedo,2016,7540,5360,4330,9694,6469
Somali,Jarar,Yoale,2016,2300,7230,12600,9149,6126
Somali,Korahe,Bodaley,2016,1640,2015,17180,3652,1917
Somali,Korahe,Dobawayn,2016,2220,1350,6730,1976,1390
Somali,Korahe,Ellogaden,2016,1360,2400,3270,1944,1300
Somali,Korahe,Gogle,2016,900,1400,3580,2016,950
Somali,Korahe,Hikloley,2016,1400,750,3350,912,850
Somali,Korahe,Kabridehar City,2016,100,1000,1330,1248,750
Somali,Korahe,Kebridehare,2016,5220,200,1750,3860,2315
Somali,Korahe,Kudunbur,2016,1320,2650,350,1200,765
Somali,Korahe,Lasdenkeri,2016,1860,2500,11950,1640,890
Somali,Korahe,Marsin,2016,1900,475,1480,1968,1550
Somali,Korahe,Shegosh,2016,3420,1000,2200,3514,2540
Somali,Korahe,Shilabo,2016,5200,1200,3850,5020,3020
Somali,Liben,Bokolmayo,2016,1780,2650,5730,2623,1470
Somali,Liben,Deka Suftu,2016,2640,3200,7750,4400,2250
Somali,Liben,Dolo ado,2016,4420,965,2000,8471,4500
Somali,Liben,Filtu,2016,5820,1545,2890,4860,2587
Somali,Liben,Gora Bekeksa,2016,3020,3075,6460,2339,1260
Somali,Liben,Gura Damole,2016,1640,2725,7190,4098,2250
Somali,Nogob,Ayun,2016,2020,925,1870,3666,2401
Somali,Nogob,Duhun,2016,2960,1545,3450,3029,1937
Somali,Nogob,Elweyne,2016,2240,1390,3520,5032,2981
Somali,Nogob,Garbo,2016,3440,1825,4890,0,0
Somali,Nogob,Haroshegah,2016,1140,1505,4290,1998,2677
Somali,Nogob,Sagag,2016,3440,2915,6750,5272,3292
Somali,Nogob,Xararen,2016,1340,745,21730,2180,1306
Somali,Shabele,Abaqorow,2016,400,2705,6850,2103,1032
Somali,Shabele,Berano,2016,4200,500,1500,6000,3495
Somali,Shabele,Danan,2016,2040,3350,9000,2942,1615
Somali,Shabele,East Imey,2016,4320,2430,6350,5720,3645
Somali,Shabele,Elele,2016,2100,1550,4650,2180,1460
Somali,Shabele,Ferfer,2016,4600,2450,6800,4858,3050
Somali,Shabele,Gode,2016,3140,1650,3920,9140,5195
Somali,Shabele,Gode City,2016,1100,2300,5090,0,0
Somali,Shabele,Kelafo,2016,6780,2000,8810,4490,5883
Somali,Shabele,Mustahil,2016,3860,600,6800,8280,5500
Somali,Siti,Afdem,2016,3000,3750,10800,5255,5942
Somali,Siti,Aysha,2016,960,2200,5780,750,290
Somali,Siti,Daymeed,2016,600,2205,3760,770,1035
Somali,Siti,Dembel,2016,3480,1365,2260,6340,4303
Somali,Siti,Dhunyar,2016,960,850,2200,2095,1965
Somali,Siti,Erere,2016,8260,5000,9190,6007,4632
Somali,Siti,Gablalu,2016,980,1410,4740,5020,2740
Somali,Siti,Hadigala,2016,440,10485,46190,799,1024
Somali,Siti,Meisso,2016,2380,1345,1400,1300,1128
Somali,Siti,Shinele,2016,2160,2345,3180,872,1545
Somali,Siti,Meisso,2016,2380,3280,4690,3197,2712
Somali,Siti,Shinele town,2016,2160,2625,5640,3515,1848
Tigray,Centeral,Abergele Yechla,2016,4540,4880,4350,11621,11920
Tigray,Centeral,Abi Adi,2016,3280,3400,1760,4709,6376
Tigray,Centeral,Adiet,2016,6720,9500,10440,12311,15242
Tigray,Centeral,Adwa town,2016,9540,18010,16190,12304,21336
Tigray,Centeral,Ahferom,2016,6740,12770,12480,7071,14748
Tigray,Centeral,Ahsea,2016,3680,2870,2370,4011,5764
Tigray,Centeral,Axum town,2016,6140,10330,7840,12311,13872
Tigray,Centeral,Chlla,2016,6100,11010,9890,9349,12122
Tigray,Centeral,Egella,2016,1340,1300,740,1421,1712
Tigray,Centeral,Embasenyti,2016,2260,1590,1080,3068,3770
Tigray,Centeral,Edabatsahma,2016,3320,1960,1800,4484,4848
Tigray,Centeral,Enticho,2016,600,0,400,400,700
Tigray,Centeral,Hahaylle,2016,2460,3550,1310,3036,3968
Tigray,Centeral,Keyh Teklli,2016,6120,13120,8860,8982,15828
Tigray,Centeral,Kolla Temben,2016,9340,12480,11650,11945,15558
Tigray,Centeral,Laelay Maychew,2016,3980,6610,6410,5963,7766
Tigray,Centeral,Mai Kinetal,2016,1800,2990,3260,2669,4234
Tigray,Centeral,Naeder,2016,4480,8080,7660,6462,9304
Tigray,Centeral,Rama Adi 4,2016,2900,3800,3410,5336,6550
Tigray,Centeral,Tahtay Maychew,2016,4800,8490,7440,7087,10190
Tigray,Centeral,Tankamlash,2016,4120,7920,8430,5773,9344
Tigray,East,Adigrat,2016,4120,11670,6280,6623,14726
Tigray,East,Atsbi,2016,1280,3560,370,1580,3376
Tigray,East,Atsibi E/Silasea,2016,4200,6340,4390,3690,6652
Tigray,East,Erob,2016,1240,3470,1860,688,2320
Tigray,East,Ganta Afeshum,2016,6200,6170,3680,6114,9762
Tigray,East,Gerealta,2016,1300,2260,1170,2593,1878
Tigray,East,Gulomekeda,2016,2160,6720,2820,2628,5192
Tigray,East,Kilte awlaelo,2016,8080,20570,7700,12726,17594
Tigray,East,Subha Saesie,2016,3640,7090,4740,4709,8404
Tigray,East,Tsaeda Emba,2016,3380,5530,4460,4313,7036
Tigray,East,Tsirae Wemberta,2016,5800,5510,4900,8100,7146
Tigray,East,Wukro,2016,2520,12090,2290,5700,6656
Tigray,Mekelle,Adihaki,2016,4220,6820,3480,4747,7094
Tigray,Mekelle,Ayder,2016,31260,216330,21870,13397,47782
Tigray,Mekelle,Hadnet,2016,5140,14960,9330,13718,17186
Tigray,Mekelle,Hawelti,2016,2720,14880,4130,9126,15532
Tigray,Mekelle,Kedamay Weyane,2016,6500,3530,3370,4956,6244
Tigray,Mekelle,Quiha,2016,1880,5700,2850,4924,7148
Tigray,Mekelle,Semen,2016,3580,11750,4750,9234,11240
Tigray,North West,Adi Daero,2016,6100,9080,3930,10169,13988
Tigray,North West,Asgede,2016,8380,19300,13680,17913,24500
Tigray,North West,Endaba Guna,2016,3440,3450,400,4499,5042
Tigray,North West,Laelay Koraro,2016,5860,5680,7600,9229,12384
Tigray,North West,Maekel Adiabo,2016,2720,5230,3350,4805,6050
Tigray,North West,Seyemti Adiabo,2016,2640,7920,7200,6826,9426
Tigray,North West,Sheraro Town,2016,2240,4490,2550,4115,5442
Tigray,North West,Shire Endaselasie,2016,9400,16450,6790,16911,20250
Tigray,North West,Tahetay Adiabo,2016,3180,7580,5680,5823,7088
Tigray,North West,Tahetay Koraro,2016,4620,8260,11390,12221,15746
Tigray,North West,Tsimbla,2016,6020,12560,10580,11437,14638
Tigray,North West,Zana,2016,5260,11170,8460,8463,10840
Tigray,South,Emba Alaje,2016,10380,21670,12880,11759,16502
Tigray,South,Enda mekhoni,2016,6960,20250,8310,8756,11876
Tigray,South,Korem,2016,2600,3390,4810,3435,5026
Tigray,South,Maychew,2016,5680,6010,2910,3423,7100
Tigray,South,Ofla,2016,9620,23490,38160,19843,22564
Tigray,South,Raya Azebo,2016,9380,16960,11150,15541,21526
Tigray,South,Raya Chercher,2016,2660,3020,2220,1383,4938
Tigray,South East,Degua Tembien,2016,4780,9440,4770,6226,11648
Tigray,South East,Enderta,2016,10620,18440,6150,17246,24296
Tigray,South East,Hintallo,2016,14260,33200,15240,20727,22596
Tigray,South East,Samre,2016,4960,9590,6120,9043,11016
Tigray,South East,Seharti,2016,4740,8950,7400,8223,9446
Tigray,South East,Wejerat,2016,500,250,200,300,200
